CustomerID,CustomerName,Email,OrderID,OrderDate,ProductName,Category,Quantity,UnitPrice,TotalPrice,TransactionType
3847,Hannah,hannah1@gmail.com,47834,2021-01-31,Keyboard,Tech,6,325.67,1954,sales
3847,George,george2@gmail.com,47834,2024-02-21,Monitor,Tech,3,601.56,1804.7,sales
2425,Bob,bob3@gmail.com,24992,2023-05-17,Phone,Tech,7,826.8,5787.6,sales
1168,George,george4@gmail.com,26443,2024-12-28,Headphones,Tech,1,1256.32,1256.3,sales
4482,George,george5@gmail.com,22969,2024-10-27,Printer,Tech,5,169.11,845.6,sales
1984,Fiona,fiona6@gmail.com,49614,2024-10-05,Headphones,Tech,2,1127.3,2254.6,sales
1357,Fiona,fiona7@gmail.com,23876,2021-09-30,Printer,Furniture,-2,979.78,-1959.6,Returns
5424,Alice,alice8@gmail.com,43357,2021-10-21,Monitor,Accessories,3,1474.31,4422.9,sales
2019,David,david9@gmail.com,35233,2021-07-09,Mouse,Furniture,1,556.66,556.7,sales
4667,Charlie,charlie10@gmail.com,39564,2023-11-13,Phone,Tech,-2,584.93,-1169.9,Returns
5891,Eva,eva12@gmail.com,26013,2022-07-12,Monitor,Tech,2,1312.65,2625.3,sales
5634,Alice,alice13@gmail.com,20015,2024-11-02,Laptop,Tech,7,754.29,5280,sales
2140,Eva,eva14@gmail.com,41048,2022-05-22,Tablet,Tech,-2,1133.8,-2267.6,Returns
2140,Bob,bob15@gmail.com,41048,2022-11-11,Keyboard,Tech,9,76.79,691.1,sales
5621,Charlie,charlie16@gmail.com,43982,2021-07-10,Headphones,Tech,7,213.23,1492.6,sales
3463,Charlie,charlie18@gmail.com,23486,2024-09-29,Headphones,Furniture,9,1100.73,9906.6,sales
2458,David,david20@gmail.com,45820,2023-06-07,Mouse,Tech,-3,419.77,-1259.3,Returns
2036,Eva,eva21@gmail.com,37471,2022-01-28,Phone,Tech,7,878.22,6147.5,sales
4553,Hannah,hannah22@gmail.com,41083,2021-05-18,Phone,Tech,0,676.72,0,"No Sales"
4553,Eva,eva23@gmail.com,41083,2024-11-25,Laptop,Accessories,8,982.48,7859.8,sales
1235,Fiona,fiona24@gmail.com,30194,2022-07-28,Printer,Tech,-3,1206.66,-3620,Returns
3930,Hannah,hannah25@gmail.com,33975,2021-12-18,Tablet,Furniture,-3,1180,-3540,Returns
5609,David,david26@gmail.com,23994,2021-12-01,Headphones,Accessories,7,1293.08,9051.6,sales
4584,Eva,eva28@gmail.com,38030,2024-12-12,Tablet,Tech,9,29.48,265.3,sales
5020,David,david30@gmail.com,28160,2021-03-28,Monitor,Furniture,1,486.4,486.4,sales
2786,Alice,alice31@gmail.com,25253,2022-01-23,Mouse,Tech,8,1286.95,10295.6,sales
5463,Fiona,fiona32@gmail.com,29577,2022-02-19,Phone,Tech,-1,200.69,-200.7,Returns
5075,Alice,alice33@gmail.com,45780,2023-03-06,Keyboard,Tech,-2,127.76,-255.5,Returns
4647,Eva,eva34@gmail.com,30873,2024-03-09,Laptop,Accessories,8,817.41,6539.3,sales
3771,Fiona,fiona35@gmail.com,25956,2023-07-18,Tablet,Furniture,-3,314.02,-942.1,Returns
5382,Charlie,charlie36@gmail.com,31847,2022-09-16,Monitor,Furniture,0,1455.71,0,"No Sales"
2421,Hannah,hannah38@gmail.com,32407,2021-08-02,Monitor,Tech,0,1457.73,0,"No Sales"
3816,Hannah,hannah40@gmail.com,39293,2024-09-18,Laptop,Accessories,6,181.41,1088.5,sales
3443,Fiona,fiona41@gmail.com,47780,2021-12-09,Printer,Tech,-1,650.59,-650.6,Returns
4082,Alice,alice42@gmail.com,47251,2023-07-20,Keyboard,Tech,0,1378.23,0,"No Sales"
5859,Charlie,charlie43@gmail.com,35663,2021-12-14,Keyboard,Tech,-3,806.18,-2418.5,Returns
2368,Alice,alice44@gmail.com,29420,2021-10-16,Phone,Tech,4,305.42,1221.7,sales
1135,Eva,eva45@gmail.com,48801,2024-10-10,Keyboard,Tech,9,752.5,6772.5,sales
2329,Charlie,charlie47@gmail.com,49823,2023-12-16,Mouse,Furniture,0,12.07,0,"No Sales"
3795,Alice,alice48@gmail.com,35639,2023-05-20,Tablet,Furniture,4,754.98,3019.9,sales
1624,Alice,alice50@gmail.com,33470,2024-11-03,Mouse,Tech,0,511.07,0,"No Sales"
2496,George,george51@gmail.com,29223,2021-07-25,Tablet,Tech,4,612.77,2451.1,sales
2219,Hannah,hannah52@gmail.com,22814,2022-05-13,Printer,Tech,-3,1367.24,-4101.7,Returns
5627,Charlie,charlie54@gmail.com,45086,2023-11-04,Tablet,Tech,1,1040.35,1040.4,sales
4401,Charlie,charlie55@gmail.com,41662,2024-02-26,Keyboard,Furniture,4,217,868,sales
3876,Fiona,fiona56@gmail.com,30846,2021-12-17,Printer,Tech,6,1402,8412,sales
2790,Fiona,fiona57@gmail.com,30081,2022-07-30,Printer,Tech,5,967.14,4835.7,sales
1950,David,david60@gmail.com,31442,2022-10-21,Monitor,Accessories,-3,448.07,-1344.2,Returns
3546,Alice,alice61@gmail.com,47678,2023-12-15,Laptop,Tech,5,1090.75,5453.8,sales
2783,Fiona,fiona63@gmail.com,21273,2022-06-26,Tablet,Tech,-2,633.13,-1266.3,Returns
1546,Alice,alice64@gmail.com,22712,2022-01-27,Headphones,Furniture,0,1431.8,0,"No Sales"
3707,Alice,alice67@gmail.com,37287,2024-10-25,Mouse,Furniture,6,699.1,4194.6,sales
1265,George,george68@gmail.com,38898,2021-10-01,Mouse,Tech,9,623.65,5612.8,sales
3586,Alice,alice70@gmail.com,45596,2021-01-13,Headphones,Accessories,-2,251.15,-502.3,Returns
3817,Hannah,hannah71@gmail.com,28762,2023-01-01,Mouse,Accessories,5,792.35,3961.8,sales
3817,Hannah,hannah72@gmail.com,28762,2021-01-15,Tablet,Furniture,7,11.75,82.2,sales
4803,David,david74@gmail.com,47154,2024-02-21,Keyboard,Tech,-3,1476.49,-4429.5,Returns
1574,David,david75@gmail.com,33705,2021-05-11,Headphones,Tech,-2,1478.23,-2956.5,Returns
4960,Eva,eva76@gmail.com,45435,2021-03-10,Phone,Tech,0,1381.99,0,"No Sales"
4203,Eva,eva77@gmail.com,48283,2022-01-13,Phone,Tech,3,962.46,2887.4,sales
3459,Charlie,charlie78@gmail.com,45717,2024-06-29,Printer,Accessories,1,845.18,845.2,sales
3459,Bob,bob79@gmail.com,45717,2021-08-27,Mouse,Tech,2,286.22,572.4,sales
4815,Hannah,hannah84@gmail.com,29869,2024-01-25,Printer,Accessories,-2,357.85,-715.7,Returns
5539,David,david85@gmail.com,23987,2023-12-14,Tablet,Tech,-2,931.84,-1863.7,Returns
5539,George,george86@gmail.com,23987,2021-10-29,Headphones,Accessories,0,636.4,0,"No Sales"
2044,Hannah,hannah87@gmail.com,33531,2022-06-11,Headphones,Furniture,0,875.3,0,"No Sales"
3185,Eva,eva89@gmail.com,28786,2021-06-23,Tablet,Furniture,0,1196.95,0,"No Sales"
4168,Hannah,hannah90@gmail.com,24495,2021-02-01,Tablet,Furniture,2,24.45,48.9,sales
5191,Fiona,fiona92@gmail.com,25771,2024-01-29,Headphones,Tech,2,1185.38,2370.8,sales
3888,Hannah,hannah93@gmail.com,25756,2021-04-26,Headphones,Tech,7,1272.57,8908,sales
5940,Fiona,fiona96@gmail.com,40428,2024-01-16,Monitor,Tech,8,159.52,1276.2,sales
3271,Bob,bob97@gmail.com,30740,2021-02-15,Mouse,Furniture,-2,1102.89,-2205.8,Returns
4019,Charlie,charlie101@gmail.com,32295,2024-09-04,Phone,Tech,0,1277.41,0,"No Sales"
1209,Eva,eva102@gmail.com,23096,2023-03-09,Tablet,Tech,9,1053.21,9478.9,sales
4966,Fiona,fiona103@gmail.com,39432,2021-02-21,Phone,Accessories,6,935.3,5611.8,sales
4966,Alice,alice104@gmail.com,39432,2022-04-17,Keyboard,Tech,0,409.78,0,"No Sales"
1984,Fiona,fiona105@gmail.com,20921,2021-02-25,Tablet,Tech,-2,99.92,-199.8,Returns
4794,Hannah,hannah108@gmail.com,48319,2021-05-12,Tablet,Tech,1,612.47,612.5,sales
3868,Fiona,fiona110@gmail.com,45785,2022-07-20,Mouse,Tech,4,159.22,636.9,sales
1683,Charlie,charlie111@gmail.com,33006,2021-03-01,Phone,Tech,-2,489.02,-978,Returns
1903,David,david112@gmail.com,42860,2022-09-13,Tablet,Furniture,7,74.18,519.3,sales
1903,Fiona,fiona113@gmail.com,42860,2024-10-06,Monitor,Furniture,1,408.1,408.1,sales
1442,Charlie,charlie114@gmail.com,29093,2021-10-07,Keyboard,Furniture,0,1239.07,0,"No Sales"
1760,Bob,bob115@gmail.com,31988,2023-05-26,Headphones,Tech,-1,1456.03,-1456,Returns
4236,Charlie,charlie117@gmail.com,27584,2024-01-19,Laptop,Tech,7,788.79,5521.5,sales
5123,Bob,bob118@gmail.com,27638,2021-01-23,Laptop,Furniture,4,523.17,2092.7,sales
3382,Charlie,charlie120@gmail.com,45742,2022-01-12,Phone,Tech,8,27.82,222.6,sales
3382,Bob,bob121@gmail.com,45742,2024-11-07,Phone,Tech,3,1322.13,3966.4,sales
2499,George,george122@gmail.com,30278,2022-05-08,Mouse,Tech,6,267.47,1604.8,sales
4812,David,david124@gmail.com,38476,2021-06-19,Headphones,Tech,-3,1349.93,-4049.8,Returns
2181,Eva,eva125@gmail.com,25460,2023-07-05,Mouse,Accessories,7,1427.22,9990.5,sales
1702,Bob,bob126@gmail.com,39880,2023-12-26,Printer,Tech,-1,1411.33,-1411.3,Returns
5328,David,david127@gmail.com,32797,2021-04-18,Printer,Tech,7,984.14,6889,sales
2041,Bob,bob128@gmail.com,22128,2023-02-13,Keyboard,Tech,1,320.01,320,sales
1124,Hannah,hannah131@gmail.com,27330,2021-11-07,Monitor,Accessories,-2,62.31,-124.6,Returns
2149,David,david132@gmail.com,32237,2024-02-27,Headphones,Furniture,6,310.07,1860.4,sales
1955,Alice,alice133@gmail.com,21690,2021-11-28,Tablet,Tech,6,624.91,3749.5,sales
1955,Hannah,hannah134@gmail.com,21690,2021-01-13,Tablet,Furniture,4,220.73,882.9,sales
4833,Charlie,charlie135@gmail.com,42589,2022-07-04,Keyboard,Tech,-3,418.53,-1255.6,Returns
4833,George,george136@gmail.com,48326,2021-02-04,Monitor,Tech,7,940.65,6584.6,sales
2501,Bob,bob137@gmail.com,25048,2021-07-24,Headphones,Tech,1,874.47,874.5,sales
4417,David,david138@gmail.com,32630,2022-02-28,Keyboard,Tech,5,171.83,859.2,sales
2111,Hannah,hannah141@gmail.com,34442,2022-01-07,Laptop,Furniture,9,695.97,6263.7,sales
4188,Eva,eva142@gmail.com,21176,2024-10-05,Headphones,Tech,-3,1168.92,-3506.8,Returns
4188,Eva,eva143@gmail.com,21176,2021-09-22,Keyboard,Tech,6,35.85,215.1,sales
5562,Charlie,charlie144@gmail.com,25249,2022-07-15,Headphones,Tech,-1,1320.37,-1320.4,Returns
1586,Eva,eva145@gmail.com,20129,2022-12-28,Headphones,Furniture,-1,214.03,-214,Returns
1586,Bob,bob146@gmail.com,20129,2023-01-05,Keyboard,Furniture,2,126.05,252.1,sales
3522,Alice,alice147@gmail.com,40745,2022-11-05,Headphones,Tech,3,1269.08,3807.2,sales
4581,Alice,alice148@gmail.com,43800,2022-05-03,Monitor,Tech,-2,359.63,-719.3,Returns
4394,Fiona,fiona149@gmail.com,44869,2024-05-30,Mouse,Tech,-3,551.22,-1653.7,Returns
5832,Charlie,charlie151@gmail.com,34055,2021-11-14,Tablet,Tech,-2,1334.36,-2668.7,Returns
5832,Eva,eva152@gmail.com,34055,2021-03-20,Mouse,Furniture,4,26.56,106.2,sales
1224,Charlie,charlie153@gmail.com,35034,2023-06-12,Headphones,Tech,5,684.55,3422.8,sales
5019,Fiona,fiona154@gmail.com,20906,2023-07-13,Laptop,Furniture,8,1034.98,8279.8,sales
3544,Charlie,charlie155@gmail.com,22015,2022-01-24,Monitor,Tech,6,225.73,1354.4,sales
5409,Charlie,charlie157@gmail.com,42884,2021-06-21,Phone,Tech,3,169.73,509.2,sales
3497,David,david158@gmail.com,39169,2022-08-01,Monitor,Tech,6,432.29,2593.7,sales
3497,Hannah,hannah159@gmail.com,39169,2021-01-31,Keyboard,Furniture,7,474.13,3318.9,sales
4586,Alice,alice160@gmail.com,34252,2024-12-22,Mouse,Tech,2,705.42,1410.8,sales
2172,Eva,eva161@gmail.com,42177,2021-01-27,Tablet,Furniture,-2,1313.84,-2627.7,Returns
1996,Hannah,hannah162@gmail.com,29181,2021-01-13,Printer,Furniture,5,947.76,4738.8,sales
4788,Hannah,hannah163@gmail.com,47290,2023-11-24,Keyboard,Furniture,1,925.84,925.8,sales
4788,Eva,eva164@gmail.com,47290,2022-12-26,Headphones,Accessories,-1,82.25,-82.2,Returns
2491,Charlie,charlie168@gmail.com,22579,2021-03-19,Printer,Furniture,7,1121.57,7851,sales
5101,David,david172@gmail.com,33365,2023-07-02,Phone,Furniture,4,371.03,1484.1,sales
5952,Alice,alice173@gmail.com,22227,2023-02-15,Monitor,Furniture,8,925.62,7405,sales
2446,Eva,eva174@gmail.com,30014,2021-05-22,Printer,Tech,1,1275.54,1275.5,sales
5745,George,george175@gmail.com,21824,2024-03-30,Headphones,Tech,7,1340.04,9380.3,sales
3820,Charlie,charlie176@gmail.com,45513,2021-05-11,Keyboard,Furniture,8,1481.97,11855.8,sales
1231,Bob,bob177@gmail.com,25578,2023-08-21,Tablet,Furniture,-2,1360.33,-2720.7,Returns
1454,Alice,alice180@gmail.com,40509,2024-10-02,Headphones,Furniture,7,1215.37,8507.6,sales
5133,Fiona,fiona182@gmail.com,29772,2024-05-18,Monitor,Furniture,-1,219.55,-219.6,Returns
5133,Charlie,charlie183@gmail.com,48860,2023-08-01,Monitor,Accessories,4,734.24,2937,sales
4559,Hannah,hannah184@gmail.com,27229,2021-01-04,Monitor,Tech,9,658.49,5926.4,sales
4559,Charlie,charlie185@gmail.com,27229,2022-02-24,Keyboard,Tech,0,209.52,0,"No Sales"
4559,David,david187@gmail.com,27229,2024-01-10,Laptop,Tech,3,13.1,39.3,sales
3603,David,david188@gmail.com,43756,2022-04-13,Keyboard,Furniture,-3,1171.73,-3515.2,Returns
5820,Hannah,hannah190@gmail.com,37214,2024-06-14,Keyboard,Furniture,8,497.94,3983.5,sales
2838,Hannah,hannah192@gmail.com,47062,2024-09-15,Mouse,Tech,-2,846.79,-1693.6,Returns
5639,Alice,alice193@gmail.com,26544,2024-05-14,Phone,Accessories,-1,102.42,-102.4,Returns
5639,Alice,alice194@gmail.com,26544,2022-02-18,Mouse,Tech,9,676.2,6085.8,sales
3713,Alice,alice196@gmail.com,22459,2023-02-20,Headphones,Tech,7,1253.67,8775.7,sales
2702,George,george197@gmail.com,48819,2021-04-07,Keyboard,Furniture,5,797.82,3989.1,sales
2702,Charlie,charlie198@gmail.com,48819,2024-08-19,Keyboard,Furniture,7,652.35,4566.4,sales
3718,David,david199@gmail.com,43130,2021-05-05,Laptop,Furniture,-1,1144.51,-1144.5,Returns
5264,Alice,alice200@gmail.com,47352,2022-04-19,Phone,Tech,7,921.02,6447.1,sales
5264,George,george201@gmail.com,47352,2021-05-31,Headphones,Tech,4,717.31,2869.2,sales
1072,Bob,bob202@gmail.com,30929,2022-04-24,Printer,Tech,-2,180.3,-360.6,Returns
4693,Bob,bob204@gmail.com,42324,2021-11-04,Mouse,Furniture,3,300.43,901.3,sales
4447,Alice,alice205@gmail.com,25207,2021-09-18,Headphones,Tech,5,841.45,4207.2,sales
2632,George,george207@gmail.com,40001,2021-11-14,Tablet,Furniture,8,148.96,1191.7,sales
2632,Alice,alice208@gmail.com,40001,2022-10-10,Phone,Accessories,9,86.03,774.3,sales
2632,Fiona,fiona209@gmail.com,40001,2024-11-21,Monitor,Tech,4,237.51,950,sales
1791,Hannah,hannah212@gmail.com,28418,2022-06-16,Headphones,Furniture,-1,184.72,-184.7,Returns
1363,Eva,eva213@gmail.com,38613,2023-10-24,Keyboard,Furniture,7,674.37,4720.6,sales
2794,Charlie,charlie216@gmail.com,40758,2022-06-26,Keyboard,Furniture,0,777.47,0,"No Sales"
2983,George,george217@gmail.com,27813,2023-09-01,Printer,Accessories,-3,1030.16,-3090.5,Returns
1037,Hannah,hannah218@gmail.com,31108,2022-09-13,Laptop,Tech,8,285.42,2283.4,sales
1037,George,george219@gmail.com,31108,2022-09-11,Laptop,Accessories,2,1263.49,2527,sales
1500,George,george220@gmail.com,28242,2024-02-04,Headphones,Tech,3,1192.96,3578.9,sales
4797,Fiona,fiona222@gmail.com,45948,2021-09-20,Mouse,Accessories,-3,287.83,-863.5,Returns
5701,Alice,alice226@gmail.com,40062,2021-11-25,Tablet,Tech,-2,747.14,-1494.3,Returns
1673,George,george227@gmail.com,27161,2021-04-01,Phone,Accessories,2,491.6,983.2,sales
3433,Bob,bob229@gmail.com,40428,2022-04-03,Headphones,Tech,-1,496.71,-496.7,Returns
4534,Hannah,hannah230@gmail.com,26988,2023-03-25,Tablet,Furniture,7,1336.88,9358.2,sales
3732,Fiona,fiona231@gmail.com,24123,2023-07-14,Printer,Furniture,9,318.83,2869.5,sales
3732,Bob,bob232@gmail.com,24123,2023-02-15,Keyboard,Tech,-3,1360.59,-4081.8,Returns
1677,Hannah,hannah234@gmail.com,47140,2021-12-02,Tablet,Furniture,2,208.61,417.2,sales
5858,George,george235@gmail.com,47058,2022-01-27,Keyboard,Tech,-1,470.77,-470.8,Returns
4000,David,david236@gmail.com,32458,2021-03-21,Phone,Accessories,-1,286.82,-286.8,Returns
4222,George,george239@gmail.com,49819,2022-07-17,Mouse,Tech,2,1254.16,2508.3,sales
5994,Hannah,hannah240@gmail.com,29633,2022-12-07,Tablet,Tech,0,358.1,0,"No Sales"
5994,Hannah,hannah241@gmail.com,29633,2022-05-12,Monitor,Tech,6,125.01,750.1,sales
5994,Eva,eva242@gmail.com,29633,2021-04-16,Tablet,Tech,3,552.62,1657.9,sales
2465,Bob,bob244@gmail.com,41509,2021-06-10,Phone,Tech,6,523.24,3139.4,sales
5464,Fiona,fiona247@gmail.com,26584,2022-12-05,Headphones,Tech,2,1041.66,2083.3,sales
1328,Hannah,hannah250@gmail.com,30333,2023-09-26,Headphones,Accessories,1,783.71,783.7,sales
1211,Charlie,charlie251@gmail.com,46173,2021-12-25,Keyboard,Tech,-2,1299.7,-2599.4,Returns
5376,Alice,alice252@gmail.com,27286,2023-02-18,Keyboard,Tech,-3,184.78,-554.3,Returns
5376,Charlie,charlie253@gmail.com,27286,2022-11-15,Laptop,Tech,3,295.27,885.8,sales
2534,Eva,eva254@gmail.com,32238,2024-03-08,Tablet,Tech,-3,689.87,-2069.6,Returns
5315,Hannah,hannah255@gmail.com,25851,2023-11-18,Tablet,Furniture,4,745.69,2982.8,sales
5315,George,george256@gmail.com,25851,2021-12-30,Laptop,Tech,5,372.56,1862.8,sales
1868,Fiona,fiona257@gmail.com,49518,2024-08-17,Laptop,Accessories,4,354.51,1418,sales
2122,George,george258@gmail.com,30367,2022-02-25,Printer,Furniture,6,462.1,2772.6,sales
2872,George,george260@gmail.com,29859,2024-07-03,Printer,Furniture,3,615.1,1845.3,sales
5881,Fiona,fiona261@gmail.com,30579,2023-11-14,Laptop,Accessories,-2,1051.05,-2102.1,Returns
3002,Alice,alice262@gmail.com,38064,2022-08-06,Monitor,Furniture,8,1067.68,8541.4,sales
3002,Eva,eva263@gmail.com,38064,2024-05-25,Tablet,Accessories,7,34.92,244.4,sales
3002,Bob,bob264@gmail.com,38064,2021-03-03,Headphones,Tech,7,1483.24,10382.7,sales
5010,Eva,eva265@gmail.com,41798,2021-12-09,Keyboard,Tech,3,850.75,2552.2,sales
5255,Eva,eva266@gmail.com,29188,2022-07-08,Laptop,Tech,-1,257.03,-257,Returns
2959,Eva,eva268@gmail.com,44607,2023-05-27,Monitor,Furniture,4,829.86,3319.4,sales
5134,Charlie,charlie269@gmail.com,48398,2023-04-04,Keyboard,Tech,4,485.88,1943.5,sales
1188,Hannah,hannah270@gmail.com,33176,2024-02-28,Laptop,Accessories,1,284.35,284.4,sales
3997,David,david271@gmail.com,42201,2022-12-25,Mouse,Furniture,1,654.59,654.6,sales
3997,Alice,alice272@gmail.com,42201,2022-06-27,Phone,Tech,5,1391.83,6959.2,sales
3997,Fiona,fiona273@gmail.com,42201,2022-08-22,Headphones,Tech,-3,470.09,-1410.3,Returns
2968,Eva,eva274@gmail.com,35805,2022-02-27,Laptop,Furniture,4,662.51,2650,sales
2968,David,david276@gmail.com,35805,2022-01-14,Laptop,Tech,-2,986.64,-1973.3,Returns
5894,Charlie,charlie277@gmail.com,49866,2021-09-14,Tablet,Tech,9,445.92,4013.3,sales
4389,Fiona,fiona278@gmail.com,38678,2024-07-02,Printer,Tech,-1,829.18,-829.2,Returns
5682,Hannah,hannah279@gmail.com,28785,2022-06-18,Headphones,Accessories,1,1273.3,1273.3,sales
5998,Charlie,charlie280@gmail.com,43406,2021-05-29,Monitor,Tech,6,152.54,915.2,sales
1128,David,david281@gmail.com,24852,2023-05-04,Laptop,Tech,4,732.14,2928.6,sales
2235,Hannah,hannah286@gmail.com,47919,2024-11-10,Keyboard,Accessories,0,229.55,0,"No Sales"
5604,George,george287@gmail.com,45771,2023-07-31,Printer,Tech,7,912.62,6388.3,sales
3638,Charlie,charlie288@gmail.com,37336,2021-02-09,Laptop,Tech,9,506.52,4558.7,sales
2579,Charlie,charlie289@gmail.com,27358,2022-12-08,Laptop,Accessories,9,174.17,1567.5,sales
1018,Charlie,charlie290@gmail.com,32275,2023-09-26,Monitor,Tech,3,1419.51,4258.5,sales
3621,Charlie,charlie292@gmail.com,30015,2021-04-08,Printer,Furniture,7,412.29,2886,sales
3279,Alice,alice295@gmail.com,24955,2023-08-27,Laptop,Tech,-1,1479.88,-1479.9,Returns
2026,Alice,alice296@gmail.com,25727,2024-10-04,Monitor,Tech,-2,541.96,-1083.9,Returns
5296,Eva,eva297@gmail.com,32679,2021-10-13,Tablet,Tech,8,550.92,4407.4,sales
1731,Hannah,hannah301@gmail.com,45712,2022-12-31,Monitor,Tech,2,957.78,1915.6,sales
2229,Hannah,hannah303@gmail.com,36297,2022-08-08,Mouse,Furniture,0,281.66,0,"No Sales"
1750,Fiona,fiona305@gmail.com,41584,2021-09-25,Laptop,Tech,-1,1338.09,-1338.1,Returns
5453,Charlie,charlie306@gmail.com,25269,2024-06-11,Headphones,Accessories,3,1104.3,3312.9,sales
3527,Bob,bob307@gmail.com,32256,2024-03-24,Laptop,Tech,6,1051.69,6310.1,sales
4066,David,david308@gmail.com,38984,2023-11-07,Headphones,Tech,2,111.43,222.9,sales
4066,David,david309@gmail.com,38984,2022-12-08,Mouse,Furniture,3,1208.99,3627,sales
4908,George,george310@gmail.com,20422,2024-09-22,Tablet,Accessories,9,1414.79,12733.1,sales
1214,Eva,eva311@gmail.com,36787,2024-01-19,Headphones,Tech,8,820.18,6561.4,sales
5212,Alice,alice317@gmail.com,49309,2021-08-25,Phone,Furniture,4,1111.83,4447.3,sales
1529,Charlie,charlie319@gmail.com,28617,2022-03-05,Tablet,Tech,-2,1155.54,-2311.1,Returns
3846,Charlie,charlie320@gmail.com,28190,2021-07-18,Keyboard,Furniture,3,1407.22,4221.7,sales
4648,Hannah,hannah321@gmail.com,29029,2024-09-07,Mouse,Tech,9,1453.02,13077.2,sales
2527,Charlie,charlie322@gmail.com,22706,2023-06-22,Phone,Furniture,3,659.15,1977.4,sales
3874,Charlie,charlie323@gmail.com,45225,2022-01-02,Headphones,Furniture,-1,845.33,-845.3,Returns
1519,George,george324@gmail.com,25256,2023-08-16,Monitor,Accessories,1,803.1,803.1,sales
1519,Bob,bob325@gmail.com,25256,2023-06-20,Printer,Tech,5,930.93,4654.6,sales
1877,George,george328@gmail.com,22527,2022-12-14,Monitor,Tech,4,265.8,1063.2,sales
4857,David,david329@gmail.com,40528,2023-01-01,Mouse,Tech,0,336.86,0,"No Sales"
4103,Hannah,hannah331@gmail.com,22135,2021-12-09,Keyboard,Furniture,2,1118.37,2236.7,sales
3123,David,david332@gmail.com,33536,2023-04-26,Phone,Tech,5,847.86,4239.3,sales
4972,David,david334@gmail.com,28820,2021-02-23,Printer,Accessories,0,793.89,0,"No Sales"
2625,George,george336@gmail.com,37072,2024-06-17,Printer,Tech,-2,1330.87,-2661.7,Returns
4500,Fiona,fiona337@gmail.com,38278,2021-10-04,Tablet,Tech,-3,694.74,-2084.2,Returns
5824,Eva,eva338@gmail.com,31036,2021-03-29,Laptop,Tech,2,301.05,602.1,sales
4551,Hannah,hannah341@gmail.com,30254,2021-11-15,Laptop,Furniture,9,70.03,630.3,sales
3128,Bob,bob345@gmail.com,46551,2022-02-25,Printer,Furniture,3,1055.81,3167.4,sales
4119,David,david346@gmail.com,21164,2021-03-18,Tablet,Accessories,0,912.68,0,"No Sales"
1526,David,david347@gmail.com,43626,2021-10-27,Headphones,Tech,-1,1135.53,-1135.5,Returns
4984,Fiona,fiona348@gmail.com,44371,2023-01-27,Phone,Tech,8,1012.7,8101.6,sales
4984,Bob,bob349@gmail.com,44371,2022-10-22,Phone,Accessories,4,909.29,3637.2,sales
3327,David,david350@gmail.com,38363,2021-03-12,Printer,Accessories,-1,635.47,-635.5,Returns
3854,Charlie,charlie351@gmail.com,41150,2023-09-14,Phone,Accessories,2,569.61,1139.2,sales
4294,Charlie,charlie353@gmail.com,30090,2022-10-29,Printer,Tech,9,654.87,5893.8,sales
3801,Fiona,fiona354@gmail.com,42646,2022-10-11,Phone,Tech,7,516.58,3616.1,sales
1964,Eva,eva355@gmail.com,41560,2021-07-19,Printer,Tech,-1,859.77,-859.8,Returns
1596,Hannah,hannah356@gmail.com,20779,2024-05-03,Monitor,Tech,5,610.67,3053.4,sales
4139,Eva,eva357@gmail.com,34362,2024-01-22,Printer,Tech,5,1402.42,7012.1,sales
4159,Eva,eva358@gmail.com,31091,2024-11-01,Tablet,Furniture,6,867.22,5203.3,sales
1388,Hannah,hannah363@gmail.com,38589,2023-11-02,Headphones,Tech,4,729.95,2919.8,sales
2773,Bob,bob364@gmail.com,37701,2021-01-06,Headphones,Accessories,-2,1444.6,-2889.2,Returns
3894,Hannah,hannah365@gmail.com,24411,2022-12-05,Printer,Tech,9,105.48,949.3,sales
3894,Charlie,charlie366@gmail.com,24411,2021-10-03,Laptop,Furniture,9,393.85,3544.6,sales
1885,Charlie,charlie368@gmail.com,22335,2021-09-12,Monitor,Tech,1,105.52,105.5,sales
5309,Eva,eva369@gmail.com,45598,2022-01-27,Printer,Tech,5,558.36,2791.8,sales
1814,Alice,alice370@gmail.com,23921,2021-09-11,Phone,Tech,6,521.31,3127.9,sales
1814,David,david371@gmail.com,23921,2021-06-29,Phone,Tech,2,879.6,1759.2,sales
1777,Eva,eva373@gmail.com,47472,2023-04-08,Monitor,Furniture,4,747.52,2990.1,sales
2112,Charlie,charlie374@gmail.com,45440,2021-06-02,Mouse,Tech,0,336.98,0,"No Sales"
4897,Fiona,fiona375@gmail.com,23968,2021-08-25,Mouse,Tech,9,292.54,2632.9,sales
5322,George,george378@gmail.com,39981,2024-07-09,Monitor,Tech,-2,1408.72,-2817.4,Returns
5545,Fiona,fiona379@gmail.com,35368,2023-01-12,Keyboard,Tech,-3,1099.75,-3299.2,Returns
1914,David,david380@gmail.com,21357,2022-05-25,Keyboard,Furniture,-1,1091.99,-1092,Returns
5418,David,david381@gmail.com,30804,2022-06-27,Tablet,Accessories,4,955,3820,sales
5180,David,david382@gmail.com,25634,2024-04-22,Printer,Tech,4,1232.83,4931.3,sales
1378,Eva,eva383@gmail.com,46897,2022-06-21,Phone,Tech,1,309.21,309.2,sales
2731,Hannah,hannah384@gmail.com,27480,2023-01-14,Headphones,Tech,-2,121.52,-243,Returns
1583,Alice,alice385@gmail.com,35434,2023-09-15,Monitor,Furniture,9,736.69,6630.2,sales
3296,Eva,eva386@gmail.com,27981,2021-01-31,Mouse,Furniture,4,938.7,3754.8,sales
1792,Charlie,charlie387@gmail.com,38931,2021-12-27,Phone,Tech,4,1204.45,4817.8,sales
1792,Bob,bob388@gmail.com,38931,2021-10-10,Laptop,Tech,-2,305.05,-610.1,Returns
1060,Hannah,hannah389@gmail.com,47975,2024-01-18,Tablet,Tech,1,582.67,582.7,sales
1060,George,george390@gmail.com,47975,2024-09-13,Tablet,Accessories,5,1112.87,5564.3,sales
3806,Alice,alice393@gmail.com,48566,2021-03-16,Monitor,Furniture,5,777.61,3888,sales
5296,Bob,bob394@gmail.com,23915,2021-12-30,Keyboard,Tech,5,320.39,1601.9,sales
4901,Bob,bob395@gmail.com,28755,2021-12-22,Mouse,Furniture,2,1156.52,2313,sales
2317,Eva,eva396@gmail.com,23729,2022-08-08,Monitor,Accessories,-2,1203.03,-2406.1,Returns
2538,Alice,alice399@gmail.com,26973,2021-01-09,Laptop,Tech,-3,632.54,-1897.6,Returns
1887,Bob,bob402@gmail.com,39978,2023-03-05,Monitor,Tech,6,1331.56,7989.4,sales
5850,Bob,bob404@gmail.com,47137,2023-05-05,Headphones,Tech,4,1353.42,5413.7,sales
1836,Bob,bob407@gmail.com,37643,2024-08-14,Tablet,Tech,7,392.71,2749,sales
5728,Alice,alice408@gmail.com,32421,2023-06-17,Printer,Furniture,3,214.44,643.3,sales
3474,David,david410@gmail.com,21434,2023-03-06,Printer,Tech,-2,1251.7,-2503.4,Returns
3118,Eva,eva411@gmail.com,37407,2022-09-29,Keyboard,Tech,2,1065.93,2131.9,sales
2372,Charlie,charlie416@gmail.com,37861,2024-02-17,Mouse,Tech,7,1351.11,9457.8,sales
4865,Eva,eva417@gmail.com,36409,2024-10-21,Tablet,Tech,7,520.05,3640.3,sales
4362,Eva,eva418@gmail.com,26172,2024-05-09,Laptop,Furniture,-1,478.27,-478.3,Returns
5877,George,george419@gmail.com,30304,2023-01-02,Phone,Furniture,7,1265.57,8859,sales
5877,David,david420@gmail.com,30304,2024-06-25,Headphones,Furniture,0,397.74,0,"No Sales"
2091,Fiona,fiona422@gmail.com,20913,2024-05-03,Keyboard,Furniture,7,851.39,5959.7,sales
4207,George,george424@gmail.com,32625,2024-07-12,Printer,Tech,7,1164.07,8148.5,sales
5509,George,george425@gmail.com,20685,2024-11-24,Headphones,Tech,-3,638.55,-1915.6,Returns
1791,Hannah,hannah426@gmail.com,32820,2024-08-08,Tablet,Furniture,0,1494.12,0,"No Sales"
1791,Bob,bob427@gmail.com,32820,2022-06-18,Monitor,Tech,6,213.09,1278.5,sales
4894,Fiona,fiona428@gmail.com,21757,2023-03-19,Headphones,Furniture,-1,135.46,-135.5,Returns
2546,Bob,bob431@gmail.com,35973,2022-09-07,Headphones,Tech,-3,1378.58,-4135.7,Returns
5861,Bob,bob433@gmail.com,30028,2023-12-07,Laptop,Tech,6,583.27,3499.6,sales
1053,David,david434@gmail.com,29427,2021-03-24,Laptop,Tech,3,674.41,2023.2,sales
2152,Hannah,hannah435@gmail.com,45147,2023-08-25,Tablet,Furniture,5,707.38,3536.9,sales
5665,Alice,alice436@gmail.com,38798,2021-02-21,Headphones,Furniture,-2,1302.71,-2605.4,Returns
4932,George,george437@gmail.com,40997,2023-03-28,Keyboard,Tech,6,590.6,3543.6,sales
1462,Hannah,hannah438@gmail.com,44250,2024-03-22,Tablet,Furniture,5,738.9,3694.5,sales
1005,Hannah,hannah439@gmail.com,24049,2021-11-12,Printer,Tech,-1,1216.25,-1216.2,Returns
3314,David,david440@gmail.com,25593,2023-07-07,Phone,Tech,4,59.05,236.2,sales
3314,Fiona,fiona441@gmail.com,25593,2023-08-12,Laptop,Furniture,7,1486.9,10408.3,sales
4174,Hannah,hannah446@gmail.com,39041,2024-07-06,Headphones,Furniture,0,168.52,0,"No Sales"
4174,Hannah,hannah447@gmail.com,39041,2021-03-29,Mouse,Tech,4,1031.1,4124.4,sales
5072,Hannah,hannah449@gmail.com,25667,2022-06-15,Mouse,Accessories,-1,692.58,-692.6,Returns
5072,Eva,eva450@gmail.com,25667,2023-12-03,Tablet,Tech,6,1173.3,7039.8,sales
2263,Bob,bob451@gmail.com,45153,2021-08-18,Phone,Furniture,8,386.28,3090.2,sales
2035,Bob,bob452@gmail.com,45116,2022-04-02,Laptop,Tech,6,753.69,4522.1,sales
3143,Fiona,fiona453@gmail.com,23633,2024-06-17,Mouse,Tech,1,910.99,911,sales
2668,Fiona,fiona454@gmail.com,39386,2024-09-09,Tablet,Furniture,5,97.26,486.3,sales
4906,Alice,alice455@gmail.com,49407,2021-09-09,Phone,Accessories,6,201.91,1211.5,sales
5011,Bob,bob456@gmail.com,45235,2024-06-08,Mouse,Tech,4,409.2,1636.8,sales
5011,Fiona,fiona457@gmail.com,45235,2024-09-24,Printer,Furniture,-3,299.49,-898.5,Returns
3480,Hannah,hannah458@gmail.com,41470,2021-12-05,Laptop,Furniture,4,1112.13,4448.5,sales
3480,Eva,eva459@gmail.com,41470,2022-01-29,Tablet,Tech,4,452.38,1809.5,sales
5078,Bob,bob460@gmail.com,38247,2023-09-10,Mouse,Furniture,3,1214.43,3643.3,sales
4508,George,george461@gmail.com,21844,2021-07-29,Mouse,Furniture,3,651.27,1953.8,sales
2979,Eva,eva462@gmail.com,42758,2021-12-11,Monitor,Tech,-3,273.44,-820.3,Returns
3669,David,david463@gmail.com,43445,2024-12-25,Monitor,Furniture,4,1115,4460,sales
4089,Alice,alice464@gmail.com,29468,2024-10-19,Tablet,Furniture,-2,271.6,-543.2,Returns
5622,Alice,alice465@gmail.com,48766,2024-11-24,Keyboard,Tech,5,1386.08,6930.4,sales
2053,Charlie,charlie468@gmail.com,41183,2023-02-05,Phone,Furniture,5,969.14,4845.7,sales
5995,Fiona,fiona469@gmail.com,40173,2023-04-28,Headphones,Tech,6,1085.57,6513.4,sales
2155,Fiona,fiona470@gmail.com,24816,2022-01-30,Phone,Tech,-2,944.52,-1889,Returns
1097,Alice,alice472@gmail.com,47746,2022-08-27,Headphones,Tech,2,1253.81,2507.6,sales
1745,Hannah,hannah473@gmail.com,42753,2024-09-29,Keyboard,Tech,1,1248.66,1248.7,sales
4573,George,george474@gmail.com,28673,2024-03-01,Printer,Tech,2,1385.18,2770.4,sales
1504,Hannah,hannah475@gmail.com,45689,2022-01-07,Monitor,Furniture,0,249.55,0,"No Sales"
1726,Charlie,charlie477@gmail.com,26528,2023-12-12,Tablet,Tech,8,679.57,5436.6,sales
2251,Alice,alice478@gmail.com,29556,2024-06-14,Phone,Accessories,2,840.5,1681,sales
1340,Eva,eva481@gmail.com,41203,2022-12-02,Keyboard,Tech,-2,736.87,-1473.7,Returns
2118,Fiona,fiona482@gmail.com,46034,2021-04-15,Keyboard,Furniture,-2,338.31,-676.6,Returns
1065,David,david483@gmail.com,30244,2021-01-12,Headphones,Tech,6,128.26,769.6,sales
1065,Hannah,hannah484@gmail.com,30244,2022-12-02,Printer,Furniture,1,943.93,943.9,sales
1065,Hannah,hannah485@gmail.com,30244,2023-06-02,Mouse,Furniture,8,636.44,5091.5,sales
4311,David,david487@gmail.com,46671,2022-05-18,Laptop,Tech,7,709.13,4963.9,sales
1366,Charlie,charlie490@gmail.com,21820,2023-09-04,Printer,Furniture,-1,940.45,-940.4,Returns
1817,Alice,alice491@gmail.com,31446,2022-12-25,Mouse,Tech,6,584.26,3505.6,sales
3259,George,george492@gmail.com,49158,2024-08-13,Headphones,Tech,0,1188.7,0,"No Sales"
4393,Bob,bob493@gmail.com,41000,2022-11-17,Monitor,Tech,8,1356.49,10851.9,sales
1273,Eva,eva494@gmail.com,45755,2024-01-13,Phone,Tech,8,703.2,5625.6,sales
5077,Fiona,fiona495@gmail.com,30907,2024-03-07,Tablet,Tech,-1,1456.31,-1456.3,Returns
1553,Eva,eva498@gmail.com,47228,2024-10-12,Headphones,Tech,-3,1201.67,-3605,Returns
1658,Bob,bob499@gmail.com,44195,2021-03-22,Laptop,Furniture,3,183.89,551.7,sales
4277,Alice,alice500@gmail.com,26363,2023-10-24,Tablet,Tech,-3,951.7,-2855.1,Returns
5062,David,david501@gmail.com,21446,2022-07-21,Phone,Tech,9,394.92,3554.3,sales
1990,Hannah,hannah502@gmail.com,38577,2021-02-13,Keyboard,Tech,0,810.68,0,"No Sales"
3576,Hannah,hannah503@gmail.com,20900,2023-04-13,Phone,Tech,-3,163.18,-489.5,Returns
3689,Charlie,charlie505@gmail.com,41545,2021-10-20,Laptop,Furniture,-1,716.51,-716.5,Returns
3689,George,george506@gmail.com,41545,2021-02-21,Monitor,Accessories,1,692.48,692.5,sales
2958,Eva,eva507@gmail.com,49909,2024-09-21,Phone,Furniture,7,850.18,5951.3,sales
2971,Alice,alice508@gmail.com,27553,2023-10-19,Monitor,Tech,2,158.14,316.3,sales
4555,Bob,bob509@gmail.com,32721,2022-01-30,Phone,Tech,9,141.19,1270.7,sales
4716,Bob,bob511@gmail.com,48775,2023-04-25,Headphones,Tech,3,933.81,2801.4,sales
2968,Bob,bob512@gmail.com,22215,2023-02-03,Keyboard,Tech,2,320.43,640.9,sales
4060,Eva,eva513@gmail.com,24212,2024-04-13,Keyboard,Furniture,-1,1135.77,-1135.8,Returns
4060,Eva,eva514@gmail.com,24212,2023-03-01,Mouse,Tech,-1,1039.56,-1039.6,Returns
4932,David,david515@gmail.com,30967,2024-06-12,Monitor,Accessories,6,445.12,2670.7,sales
2591,Alice,alice516@gmail.com,32102,2024-07-11,Mouse,Furniture,-3,626.15,-1878.4,Returns
2591,Fiona,fiona517@gmail.com,32102,2024-04-10,Monitor,Tech,-3,1160.23,-3480.7,Returns
1395,Hannah,hannah518@gmail.com,48916,2022-06-20,Printer,Furniture,0,74.84,0,"No Sales"
3047,David,david520@gmail.com,35054,2022-11-11,Tablet,Tech,5,122.76,613.8,sales
3047,Eva,eva521@gmail.com,35054,2024-05-15,Monitor,Furniture,6,729.68,4378.1,sales
1284,Fiona,fiona522@gmail.com,45505,2022-11-19,Laptop,Accessories,6,1325.29,7951.7,sales
5391,Eva,eva523@gmail.com,41946,2022-09-10,Tablet,Accessories,9,1028.42,9255.8,sales
2573,Hannah,hannah525@gmail.com,24780,2021-02-16,Keyboard,Tech,8,61.48,491.8,sales
4073,George,george526@gmail.com,21207,2022-05-29,Keyboard,Accessories,3,224.04,672.1,sales
2731,Alice,alice527@gmail.com,41954,2024-07-18,Headphones,Furniture,2,599.25,1198.5,sales
5899,David,david528@gmail.com,22039,2024-02-09,Tablet,Tech,-2,795.92,-1591.8,Returns
5024,Alice,alice529@gmail.com,26536,2022-12-26,Keyboard,Furniture,-3,227.78,-683.3,Returns
2625,Fiona,fiona532@gmail.com,35865,2023-09-23,Printer,Furniture,5,1077.03,5385.2,sales
1150,Charlie,charlie535@gmail.com,32418,2023-09-16,Printer,Furniture,-2,209.98,-420,Returns
3102,Charlie,charlie538@gmail.com,29061,2021-02-26,Monitor,Tech,7,899.26,6294.8,sales
5676,George,george539@gmail.com,36320,2022-11-27,Laptop,Furniture,-3,690.91,-2072.7,Returns
3963,Charlie,charlie540@gmail.com,20710,2022-06-27,Monitor,Tech,1,1026.29,1026.3,sales
1777,Bob,bob541@gmail.com,31447,2024-08-28,Printer,Tech,4,1037.19,4148.8,sales
1777,Fiona,fiona542@gmail.com,31447,2022-04-10,Monitor,Accessories,2,284.82,569.6,sales
5395,Bob,bob544@gmail.com,43295,2021-03-25,Laptop,Tech,9,649.18,5842.6,sales
4479,Fiona,fiona545@gmail.com,27012,2023-11-12,Mouse,Tech,-3,660.12,-1980.4,Returns
4600,Hannah,hannah548@gmail.com,21379,2023-03-21,Keyboard,Tech,5,1409.82,7049.1,sales
4600,Alice,alice549@gmail.com,21379,2023-11-28,Phone,Furniture,9,1281.89,11537,sales
3228,Eva,eva551@gmail.com,26504,2023-02-09,Keyboard,Tech,8,37.21,297.7,sales
1389,Bob,bob553@gmail.com,49933,2022-05-20,Monitor,Accessories,-3,1272.1,-3816.3,Returns
5411,Charlie,charlie554@gmail.com,40213,2021-08-31,Monitor,Furniture,7,1485.65,10399.6,sales
4295,Bob,bob555@gmail.com,28431,2023-10-23,Mouse,Tech,2,554.35,1108.7,sales
2691,Bob,bob559@gmail.com,29343,2023-07-10,Laptop,Tech,-2,1130.64,-2261.3,Returns
2017,Fiona,fiona560@gmail.com,48139,2024-12-19,Keyboard,Furniture,7,1047.46,7332.2,sales
2017,Charlie,charlie561@gmail.com,48139,2021-09-08,Monitor,Tech,2,825.35,1650.7,sales
1638,Eva,eva562@gmail.com,46349,2023-09-27,Laptop,Tech,8,185.09,1480.7,sales
3225,Eva,eva563@gmail.com,25578,2023-09-08,Headphones,Accessories,2,293.11,586.2,sales
5498,George,george564@gmail.com,31163,2024-01-22,Headphones,Tech,6,549.9,3299.4,sales
4663,Eva,eva567@gmail.com,21772,2024-09-13,Printer,Furniture,-1,329.87,-329.9,Returns
3224,Hannah,hannah568@gmail.com,20079,2024-11-17,Keyboard,Furniture,-1,526.29,-526.3,Returns
1725,Alice,alice571@gmail.com,30637,2023-05-10,Laptop,Tech,-3,362.29,-1086.9,Returns
4117,Bob,bob573@gmail.com,30000,2023-12-19,Tablet,Tech,4,1369.57,5478.3,sales
1584,Bob,bob575@gmail.com,40952,2021-06-23,Headphones,Tech,-1,882.64,-882.6,Returns
4537,Eva,eva576@gmail.com,36868,2022-03-29,Headphones,Accessories,4,1194.71,4778.8,sales
2141,Bob,bob577@gmail.com,37739,2022-07-10,Laptop,Tech,0,61.19,0,"No Sales"
4251,David,david578@gmail.com,20534,2023-10-24,Keyboard,Furniture,-3,605.69,-1817.1,Returns
1901,Charlie,charlie579@gmail.com,34954,2022-01-08,Mouse,Furniture,6,285.76,1714.6,sales
1901,Fiona,fiona580@gmail.com,34954,2022-03-20,Headphones,Accessories,1,16.58,16.6,sales
1725,David,david582@gmail.com,34242,2021-08-17,Mouse,Furniture,5,328.18,1640.9,sales
4709,Eva,eva583@gmail.com,22934,2022-06-14,Printer,Tech,-1,652.85,-652.8,Returns
3313,Charlie,charlie584@gmail.com,22515,2022-12-31,Monitor,Tech,4,382.09,1528.4,sales
4025,Alice,alice586@gmail.com,49585,2021-02-10,Laptop,Tech,-2,1038.59,-2077.2,Returns
1645,David,david588@gmail.com,31481,2023-08-10,Phone,Furniture,4,1130.52,4522.1,sales
5464,Fiona,fiona589@gmail.com,20841,2023-05-07,Printer,Furniture,7,539.71,3778,sales
5737,George,george590@gmail.com,43502,2021-03-10,Keyboard,Accessories,9,1167.47,10507.2,sales
3373,Alice,alice591@gmail.com,24862,2023-03-22,Tablet,Accessories,-2,315.93,-631.9,Returns
2268,George,george592@gmail.com,25782,2022-05-07,Keyboard,Furniture,5,1005.94,5029.7,sales
2268,Hannah,hannah593@gmail.com,25782,2021-08-03,Mouse,Tech,-1,593.45,-593.4,Returns
1443,Bob,bob594@gmail.com,26984,2024-03-04,Tablet,Furniture,3,937.29,2811.9,sales
1443,George,george595@gmail.com,26984,2023-03-11,Headphones,Tech,7,349.76,2448.3,sales
1053,Hannah,hannah596@gmail.com,21815,2021-10-12,Keyboard,Tech,7,744.77,5213.4,sales
1268,David,david597@gmail.com,25045,2022-03-08,Headphones,Accessories,6,114.09,684.5,sales
3562,George,george598@gmail.com,30676,2022-04-01,Headphones,Tech,1,130.77,130.8,sales
5321,Fiona,fiona599@gmail.com,25458,2024-03-01,Printer,Tech,7,845.57,5919,sales
1807,David,david601@gmail.com,37405,2021-03-14,Headphones,Furniture,2,179.38,358.8,sales
1854,David,david602@gmail.com,43258,2022-03-09,Keyboard,Tech,-1,668.85,-668.8,Returns
5413,Alice,alice603@gmail.com,25232,2023-07-13,Phone,Furniture,3,608.02,1824.1,sales
5413,Fiona,fiona604@gmail.com,25232,2021-03-08,Keyboard,Tech,6,996.9,5981.4,sales
4400,Hannah,hannah606@gmail.com,46000,2022-07-07,Keyboard,Accessories,8,871.6,6972.8,sales
3633,Bob,bob607@gmail.com,38821,2024-10-28,Monitor,Furniture,3,1212.28,3636.8,sales
3024,Hannah,hannah608@gmail.com,40967,2023-02-12,Mouse,Tech,3,217.06,651.2,sales
2049,Eva,eva609@gmail.com,31620,2023-10-02,Headphones,Tech,5,42.13,210.6,sales
4122,Bob,bob610@gmail.com,38249,2024-12-05,Printer,Tech,5,46.93,234.6,sales
5637,Eva,eva611@gmail.com,46387,2022-08-14,Laptop,Tech,7,82.3,576.1,sales
1131,Fiona,fiona613@gmail.com,26633,2021-02-24,Phone,Accessories,4,687.34,2749.4,sales
4344,David,david614@gmail.com,48229,2021-02-17,Printer,Furniture,2,731.4,1462.8,sales
3235,George,george615@gmail.com,45577,2024-03-29,Printer,Tech,2,854.02,1708,sales
3235,Hannah,hannah616@gmail.com,45577,2021-09-09,Laptop,Tech,-1,229.48,-229.5,Returns
2462,Eva,eva619@gmail.com,44781,2024-08-22,Monitor,Tech,-3,697.05,-2091.1,Returns
3195,Alice,alice621@gmail.com,24654,2021-02-07,Tablet,Furniture,-1,616.14,-616.1,Returns
2087,Charlie,charlie623@gmail.com,22587,2021-05-17,Keyboard,Furniture,8,850.42,6803.4,sales
3043,Charlie,charlie624@gmail.com,28163,2023-10-16,Laptop,Tech,4,1250.98,5003.9,sales
2079,Fiona,fiona625@gmail.com,49779,2022-12-15,Tablet,Tech,1,38.51,38.5,sales
1874,Hannah,hannah626@gmail.com,32166,2021-11-23,Keyboard,Furniture,9,467.49,4207.4,sales
1173,David,david627@gmail.com,26248,2023-01-22,Phone,Furniture,3,656,1968,sales
4063,Charlie,charlie628@gmail.com,29955,2022-03-31,Phone,Tech,6,330.04,1980.2,sales
3977,David,david630@gmail.com,35847,2022-09-25,Printer,Accessories,4,819.29,3277.2,sales
3977,Charlie,charlie631@gmail.com,35847,2024-10-06,Printer,Tech,2,354.03,708.1,sales
2831,Eva,eva634@gmail.com,38935,2024-10-22,Phone,Accessories,1,1102.05,1102,sales
4743,George,george637@gmail.com,20476,2024-05-09,Monitor,Furniture,8,544.96,4359.7,sales
3208,Charlie,charlie639@gmail.com,44170,2021-02-17,Headphones,Furniture,3,962.92,2888.8,sales
1611,George,george640@gmail.com,36955,2022-03-29,Phone,Furniture,2,1098.52,2197,sales
5365,Bob,bob641@gmail.com,24888,2021-12-12,Keyboard,Tech,6,147.15,882.9,sales
4908,Fiona,fiona643@gmail.com,31157,2021-06-21,Headphones,Tech,7,768.45,5379.2,sales
4908,Charlie,charlie644@gmail.com,31157,2022-04-11,Printer,Accessories,-1,65.23,-65.2,Returns
5400,Charlie,charlie645@gmail.com,35462,2023-03-28,Monitor,Furniture,7,186.49,1305.4,sales
4383,Alice,alice646@gmail.com,49345,2021-01-02,Monitor,Tech,4,1389.92,5559.7,sales
3742,David,david647@gmail.com,42490,2024-07-04,Mouse,Tech,6,1111.83,6671,sales
1265,Eva,eva648@gmail.com,46330,2021-03-07,Printer,Tech,-2,1393.97,-2787.9,Returns
2972,Eva,eva649@gmail.com,23625,2024-10-20,Headphones,Accessories,9,273.14,2458.3,sales
3641,Fiona,fiona654@gmail.com,25560,2022-08-02,Phone,Tech,2,388.45,776.9,sales
1510,Bob,bob655@gmail.com,22011,2024-03-31,Phone,Furniture,3,544.83,1634.5,sales
4473,Fiona,fiona656@gmail.com,26677,2022-01-19,Mouse,Accessories,-3,259.31,-777.9,Returns
3498,George,george658@gmail.com,23381,2021-08-12,Phone,Furniture,1,105.66,105.7,sales
5976,Bob,bob661@gmail.com,32234,2021-12-19,Phone,Tech,0,244.34,0,"No Sales"
3229,Alice,alice662@gmail.com,45933,2023-09-20,Mouse,Tech,2,355.76,711.5,sales
4611,Bob,bob664@gmail.com,29050,2023-01-16,Mouse,Tech,3,640.06,1920.2,sales
3343,David,david665@gmail.com,25697,2021-05-27,Laptop,Tech,0,1259.06,0,"No Sales"
5392,Hannah,hannah666@gmail.com,49248,2021-05-18,Tablet,Furniture,-2,1032.18,-2064.4,Returns
3046,David,david668@gmail.com,39900,2022-01-22,Monitor,Furniture,8,1361.99,10895.9,sales
3046,Alice,alice669@gmail.com,39900,2024-05-21,Mouse,Tech,3,1416.95,4250.8,sales
3286,Hannah,hannah670@gmail.com,32222,2021-10-09,Tablet,Furniture,1,281.87,281.9,sales
4096,Alice,alice671@gmail.com,42367,2022-12-11,Keyboard,Furniture,-2,246.71,-493.4,Returns
1478,Fiona,fiona672@gmail.com,28707,2022-05-24,Monitor,Furniture,4,342.16,1368.6,sales
5018,Bob,bob673@gmail.com,27303,2023-05-28,Monitor,Accessories,2,548.77,1097.5,sales
4361,Fiona,fiona675@gmail.com,37885,2022-02-17,Headphones,Furniture,1,1308.12,1308.1,sales
5650,Hannah,hannah678@gmail.com,36087,2021-11-07,Headphones,Tech,-3,803.83,-2411.5,Returns
3822,George,george680@gmail.com,42438,2024-10-19,Tablet,Furniture,5,1306.37,6531.8,sales
1577,David,david681@gmail.com,24304,2022-07-04,Phone,Accessories,7,305.68,2139.8,sales
4489,Alice,alice682@gmail.com,29598,2021-07-15,Printer,Furniture,1,153.76,153.8,sales
4560,Eva,eva685@gmail.com,46230,2023-11-16,Phone,Furniture,-1,330.94,-330.9,Returns
4560,Eva,eva686@gmail.com,46230,2022-06-16,Printer,Accessories,-3,791.71,-2375.1,Returns
3652,George,george687@gmail.com,21272,2024-09-05,Tablet,Tech,1,115.02,115,sales
2086,George,george689@gmail.com,30937,2021-12-19,Keyboard,Furniture,1,1127.24,1127.2,sales
4462,Charlie,charlie690@gmail.com,43178,2021-08-22,Tablet,Accessories,-2,1029.42,-2058.8,Returns
1120,Alice,alice691@gmail.com,45217,2021-09-04,Printer,Accessories,3,779.52,2338.6,sales
1302,Alice,alice692@gmail.com,47250,2021-06-25,Headphones,Accessories,4,172.69,690.8,sales
2520,Bob,bob693@gmail.com,32403,2024-08-15,Monitor,Furniture,6,574.31,3445.9,sales
4939,Eva,eva695@gmail.com,42070,2021-12-28,Headphones,Accessories,4,1151.86,4607.4,sales
5228,George,george696@gmail.com,37350,2024-05-03,Phone,Furniture,6,739.4,4436.4,sales
4934,Eva,eva699@gmail.com,27015,2021-10-25,Phone,Furniture,6,652.18,3913.1,sales
4272,George,george700@gmail.com,39756,2024-02-13,Printer,Tech,1,309.14,309.1,sales
1558,Fiona,fiona701@gmail.com,28090,2023-11-11,Keyboard,Furniture,-2,596.25,-1192.5,Returns
1066,Fiona,fiona702@gmail.com,44892,2022-02-15,Tablet,Tech,-3,1288.16,-3864.5,Returns
5518,Fiona,fiona703@gmail.com,38828,2024-06-23,Monitor,Furniture,7,554.62,3882.3,sales
1623,George,george704@gmail.com,45610,2021-01-05,Keyboard,Tech,6,657.77,3946.6,sales
3026,Bob,bob706@gmail.com,26422,2024-06-21,Tablet,Tech,5,1272.97,6364.8,sales
1704,George,george708@gmail.com,29109,2021-01-03,Phone,Furniture,-2,290.58,-581.2,Returns
5765,Charlie,charlie709@gmail.com,24608,2022-07-28,Headphones,Tech,5,180.13,900.6,sales
2040,Eva,eva711@gmail.com,42949,2022-08-19,Printer,Accessories,9,872.86,7855.7,sales
4527,Hannah,hannah713@gmail.com,30469,2024-12-04,Monitor,Accessories,8,1221.95,9775.6,sales
1515,Alice,alice716@gmail.com,44896,2021-06-16,Mouse,Accessories,0,1170.66,0,"No Sales"
1423,David,david717@gmail.com,25729,2021-09-01,Monitor,Tech,7,794.93,5564.5,sales
2272,Fiona,fiona718@gmail.com,27213,2022-11-02,Tablet,Tech,3,991.91,2975.7,sales
2127,Hannah,hannah720@gmail.com,28769,2021-10-30,Headphones,Tech,5,232.84,1164.2,sales
5060,George,george722@gmail.com,46453,2022-02-25,Phone,Tech,8,1448.56,11588.5,sales
5403,Fiona,fiona724@gmail.com,29283,2022-08-10,Headphones,Furniture,8,201.54,1612.3,sales
3191,Fiona,fiona726@gmail.com,49923,2021-06-09,Monitor,Furniture,8,1456.62,11653,sales
2184,Charlie,charlie727@gmail.com,31199,2023-11-08,Laptop,Furniture,0,578.29,0,"No Sales"
2184,Fiona,fiona728@gmail.com,31199,2021-04-16,Monitor,Furniture,7,1335,9345,sales
4635,Fiona,fiona729@gmail.com,41356,2022-08-30,Laptop,Furniture,7,784.84,5493.9,sales
3814,David,david730@gmail.com,33837,2022-10-03,Headphones,Tech,-1,264.88,-264.9,Returns
1309,Fiona,fiona731@gmail.com,39586,2023-01-11,Tablet,Furniture,2,225.36,450.7,sales
1309,Bob,bob732@gmail.com,39586,2024-12-11,Keyboard,Furniture,3,729,2187,sales
2933,Fiona,fiona733@gmail.com,28668,2022-03-12,Headphones,Furniture,3,214.48,643.4,sales
5149,David,david735@gmail.com,36005,2022-12-12,Tablet,Accessories,5,906.75,4533.8,sales
3217,Alice,alice737@gmail.com,44293,2024-02-10,Headphones,Tech,9,195.92,1763.3,sales
4537,Alice,alice739@gmail.com,35042,2024-08-11,Phone,Tech,2,406.07,812.1,sales
4537,Charlie,charlie740@gmail.com,35042,2024-01-04,Phone,Accessories,7,680.16,4761.1,sales
2537,David,david741@gmail.com,39728,2022-07-02,Headphones,Furniture,-2,354.52,-709,Returns
4853,Charlie,charlie742@gmail.com,36806,2023-07-20,Keyboard,Tech,2,1369.94,2739.9,sales
3455,Alice,alice744@gmail.com,47028,2021-07-08,Headphones,Accessories,5,658.69,3293.4,sales
2254,Alice,alice745@gmail.com,22071,2024-01-24,Headphones,Furniture,-1,1181.31,-1181.3,Returns
4320,Eva,eva746@gmail.com,20964,2022-04-07,Printer,Accessories,2,856.36,1712.7,sales
3808,George,george747@gmail.com,44784,2024-02-22,Headphones,Furniture,8,836.87,6695,sales
3099,David,david748@gmail.com,48878,2023-09-10,Headphones,Accessories,7,527.22,3690.5,sales
4777,Charlie,charlie751@gmail.com,48446,2021-09-26,Headphones,Accessories,6,19.58,117.5,sales
4825,David,david752@gmail.com,34137,2021-09-18,Keyboard,Accessories,-1,1409.32,-1409.3,Returns
4825,Bob,bob753@gmail.com,34137,2021-05-03,Printer,Furniture,-2,224.19,-448.4,Returns
2341,Fiona,fiona754@gmail.com,29310,2024-09-14,Phone,Furniture,-2,1186.02,-2372,Returns
2341,Charlie,charlie755@gmail.com,29310,2023-06-15,Laptop,Tech,4,744.23,2976.9,sales
4604,Eva,eva757@gmail.com,23101,2022-10-15,Mouse,Tech,-2,772.8,-1545.6,Returns
1451,Bob,bob758@gmail.com,37559,2021-04-08,Printer,Tech,2,346.75,693.5,sales
5777,George,george759@gmail.com,48031,2024-04-16,Tablet,Furniture,-2,328.41,-656.8,Returns
4296,Hannah,hannah761@gmail.com,23590,2021-04-10,Monitor,Tech,0,673.84,0,"No Sales"
4936,George,george762@gmail.com,33378,2021-12-27,Monitor,Furniture,2,745.45,1490.9,sales
1811,Alice,alice763@gmail.com,43938,2021-09-10,Keyboard,Accessories,-3,958.52,-2875.6,Returns
2174,Alice,alice764@gmail.com,26943,2022-08-27,Phone,Furniture,-2,693.64,-1387.3,Returns
4202,Hannah,hannah765@gmail.com,24425,2023-12-28,Mouse,Tech,8,817.15,6537.2,sales
2508,Eva,eva766@gmail.com,46226,2023-06-12,Tablet,Furniture,5,1443.08,7215.4,sales
2508,Alice,alice767@gmail.com,46226,2021-03-24,Mouse,Furniture,2,753.75,1507.5,sales
3749,Eva,eva768@gmail.com,48480,2021-04-02,Laptop,Accessories,4,227.67,910.7,sales
3749,Alice,alice769@gmail.com,48480,2024-08-05,Mouse,Furniture,-1,1212.26,-1212.3,Returns
4613,Eva,eva770@gmail.com,22990,2023-10-03,Tablet,Tech,8,533.31,4266.5,sales
4613,Eva,eva771@gmail.com,22990,2023-08-10,Keyboard,Accessories,9,468.62,4217.6,sales
2036,Hannah,hannah772@gmail.com,38863,2021-07-15,Keyboard,Tech,2,360.66,721.3,sales
1107,Fiona,fiona775@gmail.com,37873,2021-12-30,Laptop,Accessories,6,440.44,2642.6,sales
3424,Fiona,fiona776@gmail.com,37337,2021-09-04,Monitor,Tech,0,530.61,0,"No Sales"
5193,Charlie,charlie777@gmail.com,28837,2023-02-19,Laptop,Furniture,6,662.49,3974.9,sales
1565,Charlie,charlie778@gmail.com,36811,2022-09-08,Printer,Furniture,4,220.84,883.4,sales
1001,Fiona,fiona779@gmail.com,34250,2021-01-16,Printer,Tech,-3,1326.41,-3979.2,Returns
5783,Charlie,charlie782@gmail.com,33707,2023-11-24,Keyboard,Tech,-3,63.95,-191.9,Returns
5559,Charlie,charlie783@gmail.com,39432,2024-01-19,Printer,Tech,-3,1043.72,-3131.2,Returns
1474,Alice,alice786@gmail.com,21410,2021-02-14,Headphones,Furniture,8,1420.85,11366.8,sales
1181,Eva,eva787@gmail.com,44426,2022-04-22,Laptop,Tech,9,506.63,4559.7,sales
3428,Charlie,charlie788@gmail.com,39990,2021-10-28,Headphones,Tech,6,940.05,5640.3,sales
4389,David,david789@gmail.com,38499,2023-05-19,Printer,Accessories,1,1063.35,1063.4,sales
2018,Fiona,fiona790@gmail.com,26800,2023-01-04,Laptop,Accessories,4,793.36,3173.4,sales
4666,Fiona,fiona791@gmail.com,42798,2021-04-06,Phone,Tech,0,849.06,0,"No Sales"
3801,Hannah,hannah792@gmail.com,26038,2023-05-22,Printer,Tech,3,1397.6,4192.8,sales
3801,George,george793@gmail.com,26038,2022-02-18,Monitor,Tech,5,1204.42,6022.1,sales
4470,David,david794@gmail.com,26222,2022-01-04,Laptop,Tech,4,197.55,790.2,sales
1032,Bob,bob799@gmail.com,26699,2021-09-06,Monitor,Tech,4,379.72,1518.9,sales
3799,Bob,bob801@gmail.com,30119,2021-12-21,Tablet,Accessories,7,1330.97,9316.8,sales
3038,Bob,bob802@gmail.com,24568,2021-08-15,Phone,Tech,4,743.23,2972.9,sales
3250,Fiona,fiona804@gmail.com,24318,2024-11-15,Mouse,Tech,3,792.8,2378.4,sales
5800,Fiona,fiona805@gmail.com,25802,2024-12-27,Phone,Tech,3,322.18,966.5,sales
5800,Bob,bob806@gmail.com,25802,2021-06-03,Laptop,Furniture,3,1486.17,4458.5,sales
3065,Alice,alice807@gmail.com,48836,2023-07-16,Phone,Tech,6,1074.31,6445.9,sales
4468,Eva,eva808@gmail.com,38693,2022-04-03,Laptop,Furniture,2,180.81,361.6,sales
4217,Alice,alice809@gmail.com,24410,2024-11-18,Mouse,Accessories,2,795.69,1591.4,sales
2309,Bob,bob810@gmail.com,32893,2021-03-21,Tablet,Furniture,-3,1051.88,-3155.6,Returns
2309,Alice,alice811@gmail.com,32893,2024-07-15,Phone,Tech,-2,866.05,-1732.1,Returns
2498,George,george813@gmail.com,23414,2024-04-19,Keyboard,Tech,5,1466.69,7333.4,sales
2198,Bob,bob815@gmail.com,32288,2024-08-13,Mouse,Furniture,9,329.66,2966.9,sales
4230,George,george816@gmail.com,30158,2023-08-14,Headphones,Furniture,5,947.76,4738.8,sales
3341,Fiona,fiona817@gmail.com,20197,2023-08-26,Phone,Accessories,4,884.6,3538.4,sales
1953,Hannah,hannah819@gmail.com,49483,2021-06-22,Tablet,Tech,9,601.68,5415.1,sales
1221,Fiona,fiona820@gmail.com,27887,2024-04-22,Keyboard,Furniture,0,433.46,0,"No Sales"
2797,Fiona,fiona821@gmail.com,42344,2023-04-19,Monitor,Furniture,9,616.23,5546.1,sales
2797,Hannah,hannah822@gmail.com,42344,2024-02-17,Monitor,Tech,3,1469.54,4408.6,sales
2791,Hannah,hannah824@gmail.com,23962,2023-01-03,Laptop,Tech,-3,193.43,-580.3,Returns
5629,Alice,alice825@gmail.com,39575,2024-04-19,Tablet,Furniture,3,1438.05,4314.2,sales
1088,Fiona,fiona826@gmail.com,36316,2024-08-09,Printer,Furniture,5,772.57,3862.8,sales
3529,Fiona,fiona827@gmail.com,39404,2021-06-13,Tablet,Tech,7,411.45,2880.2,sales
5238,Bob,bob828@gmail.com,22585,2024-09-01,Phone,Furniture,4,87.62,350.5,sales
2177,David,david830@gmail.com,31291,2023-10-15,Tablet,Furniture,6,1166.75,7000.5,sales
4653,Charlie,charlie831@gmail.com,30482,2021-03-01,Headphones,Furniture,9,1481.21,13330.9,sales
4653,Charlie,charlie832@gmail.com,30482,2022-11-24,Monitor,Tech,6,1396.28,8377.7,sales
2365,Fiona,fiona833@gmail.com,34057,2023-04-16,Headphones,Tech,-2,44.87,-89.7,Returns
4012,Eva,eva834@gmail.com,35145,2024-11-29,Mouse,Tech,4,35.85,143.4,sales
3918,Alice,alice835@gmail.com,35003,2021-04-06,Headphones,Furniture,1,360.09,360.1,sales
5542,Charlie,charlie837@gmail.com,28064,2023-10-19,Laptop,Tech,7,502.53,3517.7,sales
3949,David,david838@gmail.com,35724,2021-01-30,Printer,Tech,6,1008.58,6051.5,sales
5696,Eva,eva839@gmail.com,33597,2024-12-04,Printer,Accessories,4,1094.41,4377.6,sales
4146,David,david840@gmail.com,29226,2021-05-19,Mouse,Tech,2,627.78,1255.6,sales
4052,Eva,eva841@gmail.com,47638,2021-01-29,Monitor,Tech,6,1496.67,8980,sales
2263,David,david843@gmail.com,45605,2023-09-03,Tablet,Furniture,-1,79.17,-79.2,Returns
2263,Bob,bob844@gmail.com,45605,2021-06-29,Phone,Furniture,2,812.95,1625.9,sales
2388,Fiona,fiona846@gmail.com,47883,2021-08-11,Phone,Furniture,5,1037.89,5189.5,sales
3700,George,george850@gmail.com,43016,2023-11-29,Phone,Tech,5,455.71,2278.5,sales
4876,Hannah,hannah851@gmail.com,20448,2023-02-28,Tablet,Tech,5,129.8,649,sales
1090,Hannah,hannah852@gmail.com,40410,2024-08-09,Printer,Tech,9,107.1,963.9,sales
4179,Fiona,fiona853@gmail.com,21174,2021-05-04,Keyboard,Accessories,3,1349.91,4049.7,sales
2920,Alice,alice855@gmail.com,34461,2023-05-09,Keyboard,Tech,1,511.45,511.4,sales
2705,Charlie,charlie857@gmail.com,23411,2024-08-21,Keyboard,Accessories,3,633.48,1900.4,sales
3885,Eva,eva858@gmail.com,24822,2021-08-02,Headphones,Furniture,6,801.06,4806.4,sales
3885,George,george859@gmail.com,24822,2021-02-11,Keyboard,Furniture,-3,1294.09,-3882.3,Returns
3885,Alice,alice860@gmail.com,24822,2023-02-16,Headphones,Tech,-1,1081.87,-1081.9,Returns
2676,Bob,bob861@gmail.com,30077,2022-11-30,Printer,Accessories,-2,90.97,-181.9,Returns
4912,David,david863@gmail.com,38508,2021-06-07,Mouse,Furniture,1,914.7,914.7,sales
3530,Hannah,hannah864@gmail.com,34092,2022-07-04,Headphones,Tech,6,1210.56,7263.4,sales
5304,Hannah,hannah865@gmail.com,49333,2023-12-18,Tablet,Tech,4,1442.55,5770.2,sales
3997,Hannah,hannah867@gmail.com,32311,2023-09-22,Tablet,Accessories,9,1215.84,10942.6,sales
1275,Eva,eva869@gmail.com,40267,2024-09-04,Mouse,Tech,1,739.44,739.4,sales
4839,Hannah,hannah870@gmail.com,46184,2024-08-17,Tablet,Furniture,1,324.19,324.2,sales
3253,Bob,bob871@gmail.com,29363,2024-10-25,Keyboard,Tech,9,1347.62,12128.6,sales
5453,Charlie,charlie873@gmail.com,30215,2021-11-05,Phone,Furniture,1,938.12,938.1,sales
5453,Hannah,hannah874@gmail.com,30215,2023-03-08,Tablet,Tech,-2,330.58,-661.2,Returns
5453,Hannah,hannah875@gmail.com,30215,2024-11-18,Mouse,Tech,9,750.92,6758.3,sales
1878,George,george876@gmail.com,39735,2022-01-08,Phone,Furniture,8,991.8,7934.4,sales
2172,Eva,eva877@gmail.com,28017,2021-04-13,Keyboard,Furniture,5,1398.76,6993.8,sales
4245,Hannah,hannah879@gmail.com,32199,2022-05-24,Tablet,Furniture,2,844.37,1688.7,sales
4633,Charlie,charlie880@gmail.com,46469,2024-10-28,Keyboard,Tech,-2,162.82,-325.6,Returns
1519,Fiona,fiona881@gmail.com,30669,2024-09-16,Laptop,Tech,9,828.2,7453.8,sales
3065,Fiona,fiona882@gmail.com,33918,2024-10-27,Printer,Furniture,0,824.96,0,"No Sales"
3065,Fiona,fiona883@gmail.com,33918,2023-05-27,Mouse,Tech,1,1424.9,1424.9,sales
5508,David,david884@gmail.com,31456,2022-05-22,Mouse,Tech,5,170.8,854,sales
1493,Hannah,hannah885@gmail.com,37367,2022-04-21,Monitor,Tech,8,445.83,3566.6,sales
2295,George,george886@gmail.com,40344,2024-12-29,Phone,Furniture,0,1062.21,0,"No Sales"
4055,Bob,bob887@gmail.com,45297,2022-03-08,Headphones,Tech,1,674.34,674.3,sales
4055,Hannah,hannah888@gmail.com,45297,2021-01-08,Headphones,Tech,7,538.94,3772.6,sales
3146,Bob,bob890@gmail.com,21077,2024-03-25,Laptop,Tech,4,1405.28,5621.1,sales
2448,Hannah,hannah891@gmail.com,41802,2021-03-23,Mouse,Furniture,7,178.36,1248.5,sales
2120,Bob,bob892@gmail.com,42672,2024-12-25,Phone,Furniture,9,305.85,2752.6,sales
1418,Hannah,hannah894@gmail.com,42512,2024-01-13,Keyboard,Tech,3,1315.86,3947.6,sales
5537,Bob,bob895@gmail.com,47586,2023-06-02,Phone,Tech,0,302.64,0,"No Sales"
5537,Hannah,hannah896@gmail.com,47586,2024-06-15,Monitor,Furniture,-3,471.61,-1414.8,Returns
5926,Eva,eva897@gmail.com,20406,2023-04-05,Headphones,Tech,0,168.69,0,"No Sales"
5926,Bob,bob898@gmail.com,20406,2023-09-02,Printer,Tech,2,1443.81,2887.6,sales
2257,Alice,alice899@gmail.com,26571,2021-09-25,Tablet,Tech,9,909.37,8184.3,sales
5588,George,george900@gmail.com,36656,2021-08-31,Phone,Tech,4,512.16,2048.6,sales
3410,David,david901@gmail.com,32912,2023-01-16,Printer,Tech,-1,562.9,-562.9,Returns
4425,George,george903@gmail.com,24881,2024-11-07,Tablet,Furniture,-2,763.46,-1526.9,Returns
1173,Alice,alice905@gmail.com,30601,2023-02-23,Phone,Tech,5,1390.62,6953.1,sales
3116,Hannah,hannah906@gmail.com,22326,2021-09-16,Headphones,Tech,2,1392.29,2784.6,sales
5883,Bob,bob907@gmail.com,25953,2022-12-11,Mouse,Tech,7,669.19,4684.3,sales
5909,George,george908@gmail.com,43903,2024-07-17,Printer,Tech,-2,1307,-2614,Returns
5909,Fiona,fiona909@gmail.com,43903,2021-10-01,Mouse,Furniture,7,383.64,2685.5,sales
4049,George,george910@gmail.com,21599,2021-02-02,Tablet,Tech,-1,502.51,-502.5,Returns
4049,David,david911@gmail.com,21599,2023-12-01,Headphones,Tech,-1,1130.5,-1130.5,Returns
3747,Fiona,fiona912@gmail.com,33958,2022-07-25,Phone,Tech,0,1000.16,0,"No Sales"
1743,Charlie,charlie913@gmail.com,29596,2023-03-13,Laptop,Tech,3,17.07,51.2,sales
5449,Eva,eva914@gmail.com,38566,2021-09-10,Headphones,Furniture,7,252.94,1770.6,sales
5307,Charlie,charlie915@gmail.com,48582,2022-04-17,Keyboard,Furniture,-1,1250.13,-1250.1,Returns
1621,David,david916@gmail.com,30995,2023-04-12,Headphones,Tech,3,151.5,454.5,sales
2516,Eva,eva917@gmail.com,20561,2023-11-09,Monitor,Accessories,-1,226.18,-226.2,Returns
3264,Alice,alice920@gmail.com,43119,2022-03-02,Phone,Furniture,7,1174.98,8224.9,sales
4645,Fiona,fiona921@gmail.com,44421,2024-06-03,Keyboard,Accessories,3,329.32,988,sales
3307,Bob,bob923@gmail.com,20681,2021-08-06,Laptop,Furniture,0,1321.82,0,"No Sales"
3101,Fiona,fiona924@gmail.com,27374,2024-05-19,Printer,Furniture,6,1081.86,6491.2,sales
2919,Fiona,fiona925@gmail.com,21807,2022-08-28,Headphones,Furniture,1,1182.61,1182.6,sales
1731,Charlie,charlie926@gmail.com,43663,2021-06-04,Laptop,Accessories,3,457.67,1373,sales
3949,David,david927@gmail.com,32322,2024-12-22,Monitor,Accessories,9,634.72,5712.5,sales
1301,Alice,alice928@gmail.com,37867,2021-05-30,Tablet,Tech,9,331.77,2985.9,sales
4574,David,david929@gmail.com,23057,2024-09-14,Printer,Tech,-1,1255.27,-1255.3,Returns
2873,Eva,eva932@gmail.com,30434,2024-08-16,Headphones,Tech,7,1376.61,9636.3,sales
5070,David,david933@gmail.com,26188,2023-04-17,Tablet,Furniture,-1,1236.48,-1236.5,Returns
3639,Eva,eva935@gmail.com,37115,2024-01-28,Keyboard,Tech,9,1445.69,13011.2,sales
2528,Eva,eva936@gmail.com,40181,2023-12-12,Phone,Furniture,8,1128.3,9026.4,sales
2528,George,george937@gmail.com,40181,2024-09-27,Laptop,Tech,-3,522.4,-1567.2,Returns
5609,Eva,eva938@gmail.com,48490,2022-07-30,Keyboard,Accessories,6,1202.82,7216.9,sales
4076,Alice,alice940@gmail.com,41858,2022-07-25,Laptop,Furniture,1,783.69,783.7,sales
4076,David,david941@gmail.com,41858,2023-05-24,Monitor,Tech,7,384.59,2692.1,sales
1357,Alice,alice942@gmail.com,29473,2023-04-04,Tablet,Tech,0,177.01,0,"No Sales"
3481,Alice,alice944@gmail.com,39377,2022-09-14,Keyboard,Tech,3,525.59,1576.8,sales
2810,Alice,alice945@gmail.com,28572,2023-05-09,Laptop,Tech,5,1484.1,7420.5,sales
5014,David,david946@gmail.com,22477,2023-07-13,Laptop,Tech,9,271.4,2442.6,sales
1220,Hannah,hannah948@gmail.com,37728,2022-12-21,Monitor,Accessories,7,266.06,1862.4,sales
5670,George,george949@gmail.com,26955,2022-03-19,Keyboard,Tech,9,353.11,3178,sales
1373,Bob,bob950@gmail.com,41259,2021-02-03,Headphones,Accessories,9,1075.92,9683.3,sales
2501,David,david951@gmail.com,46442,2021-08-30,Monitor,Tech,2,57.39,114.8,sales
1700,David,david952@gmail.com,35078,2023-03-06,Monitor,Tech,-3,857.89,-2573.7,Returns
4830,Charlie,charlie953@gmail.com,48244,2023-04-01,Tablet,Tech,0,596.42,0,"No Sales"
3417,Bob,bob954@gmail.com,41732,2022-12-20,Monitor,Furniture,-2,567.46,-1134.9,Returns
3417,Charlie,charlie955@gmail.com,41732,2024-10-03,Headphones,Tech,1,284.9,284.9,sales
5083,David,david957@gmail.com,42341,2022-02-04,Headphones,Accessories,-1,924.55,-924.6,Returns
5083,Charlie,charlie958@gmail.com,42341,2022-04-11,Laptop,Furniture,2,968.22,1936.4,sales
5818,George,george959@gmail.com,22606,2024-05-24,Headphones,Furniture,8,311.39,2491.1,sales
3094,Alice,alice961@gmail.com,46565,2024-04-27,Keyboard,Accessories,8,1191.47,9531.8,sales
5493,Bob,bob962@gmail.com,40586,2021-07-06,Phone,Tech,9,468.31,4214.8,sales
5493,David,david963@gmail.com,40586,2024-10-06,Printer,Tech,3,1189.89,3569.7,sales
1341,George,george964@gmail.com,40074,2024-11-11,Printer,Furniture,9,357.76,3219.8,sales
2953,Hannah,hannah965@gmail.com,35944,2022-11-25,Keyboard,Furniture,1,1212.57,1212.6,sales
2953,Charlie,charlie966@gmail.com,35944,2021-08-26,Keyboard,Furniture,-1,537.73,-537.7,Returns
1009,Charlie,charlie967@gmail.com,38510,2023-04-08,Tablet,Furniture,3,933.75,2801.2,sales
4954,David,david968@gmail.com,31264,2023-02-09,Headphones,Furniture,7,162.21,1135.5,sales
4954,Charlie,charlie969@gmail.com,31264,2023-11-08,Printer,Furniture,-1,819.26,-819.3,Returns
2360,Bob,bob971@gmail.com,23501,2022-05-05,Monitor,Furniture,3,1430.72,4292.2,sales
3336,Fiona,fiona972@gmail.com,31295,2021-09-13,Keyboard,Tech,9,355.54,3199.9,sales
2277,Eva,eva974@gmail.com,23431,2022-06-01,Keyboard,Furniture,-1,469.98,-470,Returns
3636,Fiona,fiona975@gmail.com,39752,2023-04-27,Tablet,Tech,-2,467.11,-934.2,Returns
5684,David,david976@gmail.com,22036,2021-08-30,Laptop,Furniture,-1,955.45,-955.4,Returns
3473,David,david978@gmail.com,23304,2023-03-22,Printer,Tech,8,961.89,7695.1,sales
4013,Bob,bob979@gmail.com,28511,2022-12-05,Printer,Furniture,-3,212.18,-636.5,Returns
1154,Eva,eva980@gmail.com,46807,2021-05-05,Mouse,Furniture,3,1377.32,4132,sales
5110,George,george981@gmail.com,31688,2024-12-10,Laptop,Tech,4,1045.24,4181,sales
3746,Eva,eva982@gmail.com,34801,2023-06-14,Keyboard,Furniture,8,507.06,4056.5,sales
1739,Bob,bob983@gmail.com,46684,2023-07-29,Printer,Tech,5,1369.21,6846,sales
5800,Fiona,fiona985@gmail.com,40736,2023-01-07,Monitor,Tech,-1,399.09,-399.1,Returns
4075,Eva,eva986@gmail.com,46069,2022-01-10,Mouse,Accessories,-3,1067.4,-3202.2,Returns
4075,Bob,bob987@gmail.com,46069,2024-07-10,Tablet,Furniture,3,1060.22,3180.7,sales
5585,Eva,eva988@gmail.com,40728,2023-05-03,Keyboard,Tech,5,1100.35,5501.8,sales
3082,Bob,bob990@gmail.com,45623,2024-01-11,Phone,Furniture,6,1088.68,6532.1,sales
2237,Eva,eva992@gmail.com,33170,2024-12-18,Laptop,Furniture,1,118.12,118.1,sales
2237,George,george993@gmail.com,33170,2023-04-09,Headphones,Tech,5,302.19,1511,sales
5406,Hannah,hannah994@gmail.com,25599,2024-05-24,Mouse,Furniture,4,960.02,3840.1,sales
5406,Bob,bob995@gmail.com,25599,2022-08-24,Monitor,Accessories,-1,1159.28,-1159.3,Returns
4028,Charlie,charlie996@gmail.com,30553,2021-02-08,Headphones,Tech,8,147.9,1183.2,sales
2662,Eva,eva997@gmail.com,36082,2021-05-26,Headphones,Accessories,1,729.53,729.5,sales
2662,David,david998@gmail.com,36082,2024-09-08,Laptop,Furniture,5,924.16,4620.8,sales
4815,Charlie,charlie999@gmail.com,29375,2022-12-20,Monitor,Tech,2,735.35,1470.7,sales
4648,Fiona,fiona1000@gmail.com,33095,2024-05-06,Laptop,Tech,-1,1114.2,-1114.2,Returns
3542,David,david1002@gmail.com,20496,2022-09-22,Laptop,Tech,0,113.92,0,"No Sales"
2291,Charlie,charlie1003@gmail.com,29664,2023-07-14,Monitor,Tech,7,692.15,4845,sales
1290,George,george1004@gmail.com,22947,2022-10-27,Laptop,Tech,2,1015.41,2030.8,sales
3060,Charlie,charlie1005@gmail.com,31294,2024-06-13,Laptop,Tech,8,1013.63,8109,sales
2109,Bob,bob1008@gmail.com,28646,2023-01-25,Monitor,Tech,2,842.12,1684.2,sales
2550,Alice,alice1009@gmail.com,38727,2023-08-25,Monitor,Tech,4,360.88,1443.5,sales
5343,Hannah,hannah1010@gmail.com,27582,2023-10-31,Headphones,Tech,0,230.9,0,"No Sales"
5761,George,george1011@gmail.com,47490,2021-11-19,Laptop,Furniture,-1,1142.62,-1142.6,Returns
1337,Eva,eva1012@gmail.com,34411,2022-07-22,Laptop,Tech,0,900.08,0,"No Sales"
4729,Eva,eva1013@gmail.com,41397,2021-02-21,Printer,Accessories,-3,234.07,-702.2,Returns
4291,Alice,alice1014@gmail.com,42735,2023-10-23,Monitor,Furniture,6,543.61,3261.7,sales
1062,George,george1015@gmail.com,28180,2021-04-17,Tablet,Accessories,-3,312.84,-938.5,Returns
2085,Bob,bob1016@gmail.com,34841,2023-11-03,Monitor,Accessories,0,655.61,0,"No Sales"
2085,George,george1017@gmail.com,34841,2024-12-26,Mouse,Tech,5,1164.64,5823.2,sales
1755,Hannah,hannah1019@gmail.com,24877,2023-05-31,Keyboard,Accessories,4,636.44,2545.8,sales
2721,David,david1020@gmail.com,36445,2024-02-25,Phone,Accessories,-3,166.67,-500,Returns
4518,Hannah,hannah1021@gmail.com,23406,2023-12-08,Printer,Tech,5,1248.53,6242.6,sales
4518,Eva,eva1022@gmail.com,23406,2023-04-01,Tablet,Furniture,6,586.43,3518.6,sales
5591,Charlie,charlie1023@gmail.com,31447,2023-04-28,Monitor,Tech,5,301.69,1508.4,sales
2627,Hannah,hannah1025@gmail.com,34822,2023-08-21,Mouse,Tech,-2,391.08,-782.2,Returns
3350,Bob,bob1026@gmail.com,45604,2021-07-16,Mouse,Tech,8,1395.84,11166.7,sales
3407,Alice,alice1027@gmail.com,41982,2024-03-28,Tablet,Furniture,6,1262.38,7574.3,sales
2533,Charlie,charlie1028@gmail.com,23149,2024-08-25,Monitor,Accessories,6,504.83,3029,sales
5260,Eva,eva1029@gmail.com,40321,2024-07-09,Monitor,Tech,9,1111.5,10003.5,sales
4462,David,david1031@gmail.com,26780,2022-10-18,Headphones,Tech,-1,290.29,-290.3,Returns
3022,Bob,bob1033@gmail.com,48383,2022-04-19,Headphones,Tech,2,611.98,1224,sales
3955,Charlie,charlie1036@gmail.com,32550,2024-04-18,Printer,Furniture,3,1163.31,3489.9,sales
5415,Hannah,hannah1037@gmail.com,30598,2021-03-18,Monitor,Tech,8,1189.52,9516.2,sales
4549,Eva,eva1038@gmail.com,39104,2021-02-26,Headphones,Tech,-1,808.83,-808.8,Returns
5812,Alice,alice1039@gmail.com,20142,2024-05-04,Keyboard,Tech,7,1133.3,7933.1,sales
3224,David,david1040@gmail.com,47161,2023-03-08,Printer,Accessories,4,75.76,303,sales
2130,Bob,bob1041@gmail.com,48852,2024-02-04,Phone,Furniture,4,52.54,210.2,sales
2130,Charlie,charlie1042@gmail.com,48852,2022-05-12,Printer,Accessories,4,415.6,1662.4,sales
3647,Hannah,hannah1043@gmail.com,29244,2022-11-23,Mouse,Tech,0,521.46,0,"No Sales"
3647,Bob,bob1044@gmail.com,29244,2023-05-24,Tablet,Furniture,6,1454.32,8725.9,sales
2888,Charlie,charlie1046@gmail.com,45894,2021-05-20,Laptop,Tech,0,121.9,0,"No Sales"
1079,Hannah,hannah1047@gmail.com,45394,2023-10-16,Laptop,Tech,3,52.14,156.4,sales
2200,Eva,eva1048@gmail.com,44840,2024-07-11,Phone,Tech,-2,740.16,-1480.3,Returns
3770,Charlie,charlie1049@gmail.com,39349,2022-05-28,Phone,Tech,-2,1427.4,-2854.8,Returns
2023,Charlie,charlie1051@gmail.com,37768,2023-05-11,Mouse,Furniture,6,1450.39,8702.3,sales
3251,Eva,eva1052@gmail.com,26454,2022-03-08,Phone,Tech,9,105.99,953.9,sales
5548,Charlie,charlie1054@gmail.com,22816,2024-12-25,Laptop,Furniture,6,892.1,5352.6,sales
2069,Alice,alice1055@gmail.com,25153,2021-10-11,Tablet,Furniture,7,985.2,6896.4,sales
3838,Alice,alice1056@gmail.com,29198,2021-05-11,Laptop,Furniture,6,808.37,4850.2,sales
4109,Charlie,charlie1057@gmail.com,32377,2021-11-18,Printer,Furniture,4,1222.13,4888.5,sales
4109,Eva,eva1058@gmail.com,32377,2021-03-31,Phone,Tech,-3,106.08,-318.2,Returns
2857,Alice,alice1061@gmail.com,48322,2021-06-29,Phone,Furniture,6,1378.49,8270.9,sales
2776,Alice,alice1064@gmail.com,39936,2024-04-08,Tablet,Furniture,2,702.67,1405.3,sales
2560,George,george1065@gmail.com,24952,2021-12-16,Tablet,Tech,3,538.27,1614.8,sales
2087,David,david1066@gmail.com,27885,2024-05-23,Phone,Tech,4,237.25,949,sales
4483,Eva,eva1067@gmail.com,40936,2023-10-28,Phone,Tech,4,1312.99,5252,sales
5270,Hannah,hannah1068@gmail.com,32697,2024-12-31,Mouse,Accessories,-2,199.85,-399.7,Returns
2927,Bob,bob1071@gmail.com,48467,2024-10-30,Monitor,Accessories,2,787.77,1575.5,sales
1566,Eva,eva1073@gmail.com,39328,2024-07-21,Mouse,Furniture,4,773.6,3094.4,sales
4277,Eva,eva1074@gmail.com,30147,2021-08-02,Phone,Tech,8,52.92,423.4,sales
2912,George,george1075@gmail.com,41650,2023-06-01,Printer,Tech,6,306.01,1836.1,sales
1374,Bob,bob1076@gmail.com,28700,2022-05-27,Tablet,Tech,3,574.86,1724.6,sales
2979,Bob,bob1078@gmail.com,33900,2023-02-02,Laptop,Furniture,4,1129.12,4516.5,sales
5994,David,david1082@gmail.com,23708,2023-09-04,Laptop,Accessories,6,1284.41,7706.5,sales
3652,Hannah,hannah1083@gmail.com,46877,2023-09-22,Keyboard,Tech,-3,862.93,-2588.8,Returns
2935,Charlie,charlie1084@gmail.com,26765,2024-01-10,Printer,Accessories,6,364.39,2186.3,sales
1869,Bob,bob1085@gmail.com,46317,2021-10-26,Printer,Tech,1,855.33,855.3,sales
2043,George,george1088@gmail.com,44882,2022-08-14,Monitor,Tech,4,1368.09,5472.4,sales
4874,George,george1089@gmail.com,28687,2023-11-10,Printer,Tech,4,1185.45,4741.8,sales
1594,Bob,bob1090@gmail.com,44468,2024-09-25,Printer,Tech,7,1057.23,7400.6,sales
4475,George,george1093@gmail.com,35022,2023-08-17,Phone,Tech,8,1422.54,11380.3,sales
3382,Bob,bob1094@gmail.com,27170,2022-10-26,Keyboard,Tech,3,1429.28,4287.8,sales
5988,David,david1096@gmail.com,22199,2022-08-11,Laptop,Accessories,-3,369.28,-1107.8,Returns
4366,Bob,bob1097@gmail.com,34174,2024-07-12,Headphones,Accessories,5,97.76,488.8,sales
3979,Hannah,hannah1098@gmail.com,27120,2021-01-12,Tablet,Tech,-1,992.65,-992.6,Returns
3312,Eva,eva1099@gmail.com,45004,2024-10-21,Headphones,Tech,5,697.82,3489.1,sales
3250,Eva,eva1100@gmail.com,44351,2021-10-16,Monitor,Furniture,-1,1124.16,-1124.2,Returns
1396,Eva,eva1103@gmail.com,35909,2024-07-26,Mouse,Furniture,4,1088.78,4355.1,sales
2365,Charlie,charlie1104@gmail.com,30099,2021-03-12,Monitor,Furniture,2,1012.1,2024.2,sales
1063,Bob,bob1105@gmail.com,43572,2022-05-17,Keyboard,Accessories,8,1154.64,9237.1,sales
3096,Alice,alice1106@gmail.com,38809,2022-06-03,Monitor,Tech,3,1152.25,3456.8,sales
4690,George,george1107@gmail.com,38216,2021-11-18,Keyboard,Tech,9,330.48,2974.3,sales
2460,David,david1110@gmail.com,46299,2024-01-13,Mouse,Furniture,6,1102.41,6614.5,sales
4623,Eva,eva1111@gmail.com,26177,2021-11-30,Headphones,Tech,1,533.27,533.3,sales
2577,David,david1112@gmail.com,46934,2021-01-29,Printer,Tech,9,930.83,8377.5,sales
4101,Eva,eva1113@gmail.com,46534,2021-09-25,Mouse,Tech,9,1066.63,9599.7,sales
1227,David,david1114@gmail.com,39588,2024-01-27,Monitor,Furniture,3,412.87,1238.6,sales
1896,Charlie,charlie1115@gmail.com,35600,2022-01-22,Monitor,Tech,2,179.6,359.2,sales
3740,Alice,alice1116@gmail.com,28784,2021-03-26,Headphones,Tech,7,648.21,4537.5,sales
4726,Hannah,hannah1119@gmail.com,46844,2021-02-25,Monitor,Accessories,-1,1054.48,-1054.5,Returns
5268,Eva,eva1121@gmail.com,28839,2024-01-04,Laptop,Tech,5,710,3550,sales
5268,George,george1122@gmail.com,28839,2024-06-10,Laptop,Tech,7,714.21,4999.5,sales
2164,Charlie,charlie1123@gmail.com,22387,2022-07-21,Headphones,Tech,-3,808.01,-2424,Returns
1738,Eva,eva1124@gmail.com,39946,2024-01-16,Mouse,Tech,-2,686.37,-1372.7,Returns
1514,David,david1125@gmail.com,22302,2022-05-29,Monitor,Tech,9,327.11,2944,sales
1488,Fiona,fiona1126@gmail.com,46138,2023-06-09,Phone,Accessories,6,451.03,2706.2,sales
1021,Bob,bob1128@gmail.com,29405,2021-08-05,Phone,Tech,-3,912.93,-2738.8,Returns
3097,Eva,eva1130@gmail.com,24550,2021-11-18,Printer,Tech,8,1027.98,8223.8,sales
2457,Charlie,charlie1132@gmail.com,40117,2024-05-12,Printer,Tech,8,1233.88,9871,sales
2351,David,david1134@gmail.com,20052,2022-12-06,Printer,Furniture,4,1196.26,4785,sales
4626,Fiona,fiona1135@gmail.com,29040,2022-09-24,Mouse,Accessories,-3,1133.16,-3399.5,Returns
3376,Fiona,fiona1136@gmail.com,22852,2023-05-23,Mouse,Tech,0,236.89,0,"No Sales"
2644,David,david1137@gmail.com,27634,2024-11-15,Monitor,Furniture,2,1425.32,2850.6,sales
2829,Fiona,fiona1138@gmail.com,25784,2021-09-14,Mouse,Furniture,3,1439.19,4317.6,sales
2829,Hannah,hannah1139@gmail.com,25784,2024-10-07,Phone,Tech,5,831.67,4158.3,sales
5530,Alice,alice1140@gmail.com,21320,2022-08-29,Phone,Tech,4,378.27,1513.1,sales
5530,Charlie,charlie1141@gmail.com,21320,2022-01-25,Keyboard,Furniture,-3,840.05,-2520.1,Returns
5530,Bob,bob1142@gmail.com,21320,2023-05-02,Laptop,Tech,4,731.92,2927.7,sales
3096,David,david1143@gmail.com,45389,2023-05-11,Printer,Furniture,6,202.51,1215.1,sales
5390,Eva,eva1144@gmail.com,43543,2022-05-29,Keyboard,Accessories,-2,1080.76,-2161.5,Returns
5414,Bob,bob1146@gmail.com,27244,2022-08-24,Keyboard,Furniture,2,573.54,1147.1,sales
2545,Bob,bob1148@gmail.com,35044,2021-11-16,Mouse,Accessories,8,1327.97,10623.8,sales
4840,Hannah,hannah1149@gmail.com,39425,2022-04-10,Mouse,Tech,7,942.92,6600.4,sales
1554,Alice,alice1151@gmail.com,47147,2022-04-24,Monitor,Tech,5,1481.23,7406.2,sales
4024,Fiona,fiona1152@gmail.com,49910,2023-09-02,Mouse,Tech,8,484.02,3872.2,sales
3968,Fiona,fiona1153@gmail.com,38378,2022-10-02,Headphones,Tech,7,34.81,243.7,sales
3311,David,david1157@gmail.com,41102,2021-01-14,Mouse,Furniture,6,1112.88,6677.3,sales
3881,Fiona,fiona1158@gmail.com,49337,2024-09-23,Phone,Tech,0,281.84,0,"No Sales"
2009,Bob,bob1159@gmail.com,27689,2021-03-15,Laptop,Tech,8,945.73,7565.8,sales
2382,Alice,alice1160@gmail.com,40672,2021-07-28,Printer,Tech,-1,1456.46,-1456.5,Returns
5935,Charlie,charlie1161@gmail.com,44096,2023-07-28,Tablet,Accessories,-3,761.74,-2285.2,Returns
3866,Eva,eva1162@gmail.com,32182,2024-11-17,Laptop,Accessories,3,613.1,1839.3,sales
3650,Eva,eva1164@gmail.com,24440,2021-11-18,Mouse,Tech,-3,566.96,-1700.9,Returns
4120,Eva,eva1165@gmail.com,45759,2022-01-21,Keyboard,Tech,7,194.3,1360.1,sales
4120,Bob,bob1166@gmail.com,45759,2023-12-10,Phone,Furniture,7,861.64,6031.5,sales
1603,Hannah,hannah1167@gmail.com,21972,2021-06-05,Laptop,Tech,3,1322.3,3966.9,sales
1898,George,george1168@gmail.com,49015,2024-04-24,Headphones,Accessories,-2,518.62,-1037.2,Returns
4880,David,david1169@gmail.com,33321,2022-11-06,Monitor,Furniture,6,1488.73,8932.4,sales
1292,Hannah,hannah1170@gmail.com,25202,2023-07-11,Phone,Accessories,3,362.66,1088,sales
5078,Bob,bob1171@gmail.com,24478,2023-10-16,Monitor,Furniture,5,898.66,4493.3,sales
5078,Eva,eva1172@gmail.com,24478,2024-01-21,Phone,Tech,4,398.46,1593.8,sales
2271,Fiona,fiona1174@gmail.com,37283,2024-11-21,Printer,Tech,0,210.98,0,"No Sales"
3752,Bob,bob1175@gmail.com,36264,2023-01-13,Mouse,Tech,0,1047.72,0,"No Sales"
5644,Eva,eva1176@gmail.com,20067,2022-01-07,Phone,Tech,-3,966.28,-2898.8,Returns
4511,Bob,bob1179@gmail.com,30752,2022-09-17,Phone,Tech,8,734.88,5879,sales
1996,Fiona,fiona1181@gmail.com,40518,2021-03-04,Headphones,Furniture,2,241.96,483.9,sales
5989,Hannah,hannah1183@gmail.com,40493,2021-05-25,Printer,Accessories,5,486.76,2433.8,sales
2526,David,david1185@gmail.com,37650,2022-07-30,Phone,Furniture,3,769.86,2309.6,sales
2526,Fiona,fiona1186@gmail.com,37650,2024-02-13,Keyboard,Tech,2,791.33,1582.7,sales
5213,David,david1187@gmail.com,28981,2023-07-08,Phone,Furniture,1,426.15,426.2,sales
4086,George,george1188@gmail.com,22261,2024-01-08,Printer,Accessories,0,135.19,0,"No Sales"
2435,Fiona,fiona1189@gmail.com,48150,2022-12-01,Monitor,Tech,-3,474.63,-1423.9,Returns
3399,Eva,eva1192@gmail.com,26469,2021-06-09,Mouse,Accessories,-2,121.64,-243.3,Returns
3685,Alice,alice1193@gmail.com,35513,2023-11-30,Phone,Tech,1,702.12,702.1,sales
2902,Bob,bob1194@gmail.com,42264,2023-07-05,Laptop,Accessories,4,894.33,3577.3,sales
5104,Alice,alice1195@gmail.com,30154,2022-05-03,Printer,Tech,9,1302.57,11723.1,sales
2329,Hannah,hannah1199@gmail.com,46770,2023-02-13,Monitor,Tech,8,1184.05,9472.4,sales
2123,Fiona,fiona1200@gmail.com,29572,2023-02-09,Monitor,Tech,6,1408.06,8448.4,sales
2895,George,george1202@gmail.com,44331,2022-11-23,Mouse,Furniture,1,1037.33,1037.3,sales
1383,George,george1203@gmail.com,38643,2023-09-01,Headphones,Tech,2,887.31,1774.6,sales
1882,Hannah,hannah1205@gmail.com,49527,2021-05-25,Laptop,Tech,3,755.62,2266.9,sales
5557,Fiona,fiona1207@gmail.com,21581,2024-01-30,Tablet,Tech,9,339.43,3054.9,sales
3546,David,david1208@gmail.com,43700,2022-01-28,Phone,Tech,2,563.77,1127.5,sales
3013,David,david1209@gmail.com,27213,2021-12-25,Tablet,Tech,-2,257.72,-515.4,Returns
3013,Alice,alice1210@gmail.com,27213,2023-02-07,Printer,Furniture,-2,1334.61,-2669.2,Returns
4605,George,george1212@gmail.com,31142,2023-11-16,Monitor,Furniture,3,417.06,1251.2,sales
3004,Alice,alice1214@gmail.com,45737,2021-10-29,Tablet,Furniture,8,32.16,257.3,sales
1073,Fiona,fiona1215@gmail.com,45884,2023-08-10,Printer,Tech,2,1211.24,2422.5,sales
3868,Bob,bob1217@gmail.com,25211,2022-01-05,Phone,Furniture,9,1472.94,13256.5,sales
5276,Eva,eva1219@gmail.com,38966,2023-01-30,Laptop,Tech,8,82.01,656.1,sales
1294,Charlie,charlie1222@gmail.com,48939,2021-05-29,Mouse,Tech,8,30.97,247.8,sales
2012,Hannah,hannah1223@gmail.com,43982,2021-02-25,Headphones,Tech,-3,336.89,-1010.7,Returns
4462,Bob,bob1225@gmail.com,21059,2024-02-28,Keyboard,Tech,4,1339.87,5359.5,sales
1306,Eva,eva1227@gmail.com,37313,2024-12-12,Printer,Accessories,8,354.33,2834.6,sales
3624,Eva,eva1229@gmail.com,37350,2023-12-25,Keyboard,Furniture,9,1106.62,9959.6,sales
3104,Fiona,fiona1231@gmail.com,49906,2021-11-04,Laptop,Tech,6,1102.96,6617.8,sales
2569,Eva,eva1232@gmail.com,23942,2023-07-01,Monitor,Tech,-3,1136.64,-3409.9,Returns
2058,George,george1233@gmail.com,48686,2021-04-10,Headphones,Furniture,9,1411.1,12699.9,sales
4298,Eva,eva1234@gmail.com,39761,2024-02-08,Mouse,Furniture,2,1453.83,2907.7,sales
5199,Bob,bob1235@gmail.com,36858,2022-05-30,Monitor,Tech,1,334.19,334.2,sales
5199,Eva,eva1236@gmail.com,36858,2022-11-13,Tablet,Furniture,9,1435.55,12919.9,sales
1118,Fiona,fiona1237@gmail.com,40001,2023-01-26,Headphones,Accessories,9,335.42,3018.8,sales
5192,Hannah,hannah1238@gmail.com,34333,2023-12-02,Monitor,Furniture,6,543.42,3260.5,sales
1425,Eva,eva1239@gmail.com,39138,2023-03-02,Laptop,Accessories,6,744.68,4468.1,sales
5721,Alice,alice1240@gmail.com,22506,2023-11-24,Phone,Accessories,7,647.58,4533.1,sales
4759,Hannah,hannah1241@gmail.com,35592,2021-09-17,Laptop,Tech,-2,794.21,-1588.4,Returns
4511,Bob,bob1243@gmail.com,38182,2023-09-01,Mouse,Furniture,0,304.18,0,"No Sales"
1295,Alice,alice1244@gmail.com,26915,2023-10-23,Keyboard,Furniture,-1,459.98,-460,Returns
4204,Hannah,hannah1246@gmail.com,46904,2021-12-29,Printer,Furniture,-1,656.99,-657,Returns
4204,Alice,alice1247@gmail.com,46904,2023-05-28,Mouse,Furniture,9,1499.51,13495.6,sales
4548,Bob,bob1248@gmail.com,24932,2021-10-08,Mouse,Tech,7,447.64,3133.5,sales
2119,George,george1249@gmail.com,30384,2024-07-08,Mouse,Furniture,5,151.01,755,sales
2119,Hannah,hannah1250@gmail.com,30384,2022-02-12,Laptop,Furniture,-2,300.37,-600.7,Returns
4976,Alice,alice1251@gmail.com,38998,2022-12-23,Monitor,Tech,5,1002.44,5012.2,sales
2097,Fiona,fiona1252@gmail.com,36970,2021-12-25,Laptop,Tech,8,786.25,6290,sales
2201,David,david1254@gmail.com,37026,2021-12-31,Laptop,Accessories,5,53.33,266.6,sales
4716,Fiona,fiona1255@gmail.com,32422,2022-07-25,Keyboard,Accessories,7,1362.72,9539,sales
1377,Hannah,hannah1257@gmail.com,27366,2022-10-23,Printer,Furniture,7,652.36,4566.5,sales
1717,Charlie,charlie1263@gmail.com,42390,2024-08-17,Laptop,Tech,5,82.34,411.7,sales
1667,George,george1264@gmail.com,39378,2024-12-06,Monitor,Tech,8,237.52,1900.2,sales
3333,George,george1265@gmail.com,48255,2024-07-10,Printer,Tech,6,250.27,1501.6,sales
1797,David,david1266@gmail.com,33540,2021-08-17,Tablet,Tech,-1,1212.11,-1212.1,Returns
2270,Fiona,fiona1267@gmail.com,37594,2024-05-25,Phone,Tech,4,379.1,1516.4,sales
2245,David,david1269@gmail.com,33970,2024-05-17,Phone,Tech,0,1105.85,0,"No Sales"
3381,Bob,bob1270@gmail.com,32345,2024-05-30,Keyboard,Accessories,0,197.9,0,"No Sales"
5363,Fiona,fiona1272@gmail.com,31644,2023-08-24,Headphones,Tech,4,936.8,3747.2,sales
5363,Charlie,charlie1273@gmail.com,31644,2024-02-09,Phone,Tech,2,115.5,231,sales
5880,Hannah,hannah1275@gmail.com,47550,2021-06-09,Phone,Furniture,2,1013.32,2026.6,sales
4580,Alice,alice1276@gmail.com,21164,2022-10-16,Printer,Tech,4,1206.42,4825.7,sales
5511,Hannah,hannah1277@gmail.com,21984,2022-10-23,Keyboard,Tech,-3,1463.69,-4391.1,Returns
1989,Fiona,fiona1278@gmail.com,43367,2022-05-08,Phone,Furniture,2,127.09,254.2,sales
1989,David,david1279@gmail.com,43367,2022-11-16,Printer,Accessories,4,357.68,1430.7,sales
2352,Eva,eva1280@gmail.com,28151,2022-12-09,Monitor,Tech,7,939.99,6579.9,sales
5658,Alice,alice1281@gmail.com,43907,2021-04-04,Mouse,Tech,7,552.53,3867.7,sales
3613,David,david1282@gmail.com,40033,2021-12-02,Headphones,Accessories,4,675.2,2700.8,sales
4833,Charlie,charlie1284@gmail.com,24677,2022-06-16,Phone,Accessories,-3,1027.29,-3081.9,Returns
3512,Bob,bob1285@gmail.com,27519,2024-07-29,Headphones,Accessories,5,392.37,1961.8,sales
4675,Eva,eva1287@gmail.com,31638,2023-04-09,Headphones,Furniture,9,135.13,1216.2,sales
2203,Hannah,hannah1288@gmail.com,48131,2021-06-17,Mouse,Accessories,5,130.1,650.5,sales
2952,Fiona,fiona1289@gmail.com,32332,2021-09-01,Headphones,Furniture,6,265.31,1591.9,sales
1613,Alice,alice1290@gmail.com,49856,2021-10-04,Mouse,Furniture,2,1299.61,2599.2,sales
3845,Hannah,hannah1291@gmail.com,36763,2022-02-08,Keyboard,Tech,4,850.1,3400.4,sales
1333,Bob,bob1292@gmail.com,46030,2022-12-03,Mouse,Furniture,8,1366.77,10934.2,sales
1038,Charlie,charlie1293@gmail.com,36537,2021-08-06,Tablet,Tech,0,492.79,0,"No Sales"
3022,David,david1294@gmail.com,39789,2021-09-05,Printer,Tech,6,1294.32,7765.9,sales
4686,David,david1296@gmail.com,20421,2022-02-23,Printer,Tech,0,942.05,0,"No Sales"
4748,Charlie,charlie1297@gmail.com,35255,2021-06-15,Phone,Tech,6,693.22,4159.3,sales
5931,Alice,alice1298@gmail.com,29458,2021-10-05,Tablet,Accessories,3,241.49,724.5,sales
2728,Hannah,hannah1299@gmail.com,30158,2024-03-07,Monitor,Tech,0,437.02,0,"No Sales"
1331,David,david1300@gmail.com,29093,2022-03-29,Headphones,Accessories,-3,1246.88,-3740.6,Returns
1454,Eva,eva1301@gmail.com,32395,2022-04-21,Monitor,Furniture,-1,128.33,-128.3,Returns
2326,Charlie,charlie1303@gmail.com,24788,2021-05-12,Printer,Furniture,1,410.49,410.5,sales
5848,Charlie,charlie1305@gmail.com,43289,2022-10-29,Printer,Tech,-1,1034.62,-1034.6,Returns
5783,Hannah,hannah1306@gmail.com,23011,2023-06-25,Headphones,Accessories,5,1331.44,6657.2,sales
2495,Alice,alice1308@gmail.com,49385,2024-04-11,Tablet,Tech,9,187.87,1690.8,sales
2495,David,david1309@gmail.com,49385,2021-07-07,Printer,Accessories,9,1211.7,10905.3,sales
2880,Fiona,fiona1310@gmail.com,39765,2021-03-13,Laptop,Tech,-1,1265.08,-1265.1,Returns
5722,George,george1313@gmail.com,33107,2022-01-25,Phone,Tech,7,1171.28,8199,sales
5580,Alice,alice1314@gmail.com,48808,2024-09-11,Phone,Tech,6,831.08,4986.5,sales
5207,Charlie,charlie1315@gmail.com,39761,2022-12-10,Mouse,Accessories,6,406.75,2440.5,sales
5642,Bob,bob1316@gmail.com,28023,2022-08-27,Headphones,Furniture,2,1192.26,2384.5,sales
5642,Alice,alice1317@gmail.com,28023,2023-05-01,Laptop,Furniture,-3,810.63,-2431.9,Returns
2248,Charlie,charlie1318@gmail.com,28490,2022-11-19,Printer,Tech,9,1249.17,11242.5,sales
4776,Alice,alice1320@gmail.com,21269,2023-07-16,Printer,Tech,6,549.43,3296.6,sales
1141,Fiona,fiona1322@gmail.com,34055,2021-10-15,Keyboard,Tech,9,939.75,8457.8,sales
4157,Charlie,charlie1323@gmail.com,37010,2023-05-17,Mouse,Furniture,6,940.85,5645.1,sales
5128,George,george1324@gmail.com,26638,2023-07-24,Mouse,Furniture,-1,1197.49,-1197.5,Returns
3298,Fiona,fiona1326@gmail.com,34858,2021-01-10,Laptop,Furniture,3,969.98,2909.9,sales
3316,David,david1327@gmail.com,36077,2023-07-15,Printer,Accessories,5,1011,5055,sales
2182,David,david1329@gmail.com,25316,2021-11-02,Phone,Tech,6,433.94,2603.6,sales
1005,George,george1331@gmail.com,30577,2024-12-20,Tablet,Furniture,5,342.32,1711.6,sales
2550,Alice,alice1332@gmail.com,24035,2023-03-06,Mouse,Accessories,-3,96.33,-289,Returns
2550,George,george1333@gmail.com,24035,2024-07-30,Mouse,Furniture,4,785.18,3140.7,sales
3998,David,david1334@gmail.com,43376,2024-08-07,Tablet,Tech,3,1025.36,3076.1,sales
4848,Eva,eva1336@gmail.com,20121,2024-06-28,Monitor,Furniture,7,158.49,1109.4,sales
5760,Bob,bob1337@gmail.com,49389,2024-02-26,Phone,Furniture,2,973.11,1946.2,sales
1264,David,david1338@gmail.com,32868,2022-08-09,Printer,Tech,-2,1193.34,-2386.7,Returns
2434,David,david1340@gmail.com,21646,2023-02-04,Keyboard,Tech,8,681.05,5448.4,sales
2434,Hannah,hannah1341@gmail.com,21646,2024-12-14,Laptop,Furniture,8,1042,8336,sales
4200,David,david1343@gmail.com,36079,2022-10-08,Printer,Furniture,3,289.69,869.1,sales
4479,Eva,eva1344@gmail.com,27515,2023-05-10,Phone,Furniture,1,1118.41,1118.4,sales
4329,Charlie,charlie1345@gmail.com,46229,2024-02-27,Tablet,Furniture,3,714.38,2143.1,sales
4329,Hannah,hannah1346@gmail.com,46229,2021-03-17,Mouse,Accessories,-3,302.45,-907.4,Returns
4534,Alice,alice1347@gmail.com,44108,2022-08-30,Headphones,Furniture,1,1216.56,1216.6,sales
1082,David,david1348@gmail.com,43944,2021-03-30,Phone,Accessories,0,439.66,0,"No Sales"
1304,Bob,bob1349@gmail.com,22899,2022-05-08,Phone,Tech,0,118.25,0,"No Sales"
1304,David,david1350@gmail.com,22899,2024-11-18,Laptop,Furniture,8,527.47,4219.8,sales
2013,George,george1352@gmail.com,42009,2021-12-29,Phone,Tech,-2,1339.82,-2679.6,Returns
1657,Charlie,charlie1353@gmail.com,38830,2024-10-10,Keyboard,Tech,8,1207.23,9657.8,sales
4959,Fiona,fiona1354@gmail.com,40683,2021-05-10,Mouse,Tech,0,381.66,0,"No Sales"
1795,Charlie,charlie1356@gmail.com,27689,2024-05-24,Phone,Tech,-1,1119.85,-1119.8,Returns
4785,Hannah,hannah1357@gmail.com,41281,2024-04-29,Laptop,Furniture,6,923.89,5543.3,sales
3863,David,david1358@gmail.com,42309,2022-12-09,Printer,Tech,-1,1033.97,-1034,Returns
2131,Eva,eva1359@gmail.com,41399,2021-06-23,Tablet,Furniture,0,1337.08,0,"No Sales"
5278,George,george1360@gmail.com,29499,2023-12-21,Monitor,Tech,-1,1121.4,-1121.4,Returns
3371,Eva,eva1361@gmail.com,39821,2021-09-03,Monitor,Tech,6,1147.27,6883.6,sales
3126,Fiona,fiona1362@gmail.com,43042,2024-01-23,Keyboard,Tech,-2,1454.28,-2908.6,Returns
5181,Charlie,charlie1364@gmail.com,21917,2024-12-29,Monitor,Furniture,-2,20.63,-41.3,Returns
2315,Bob,bob1365@gmail.com,34368,2023-11-06,Printer,Furniture,3,648.11,1944.3,sales
1835,Hannah,hannah1366@gmail.com,26517,2021-11-04,Keyboard,Furniture,3,346.63,1039.9,sales
3321,Eva,eva1370@gmail.com,31286,2022-01-08,Tablet,Tech,8,36.67,293.4,sales
3533,Hannah,hannah1371@gmail.com,22446,2021-10-15,Mouse,Accessories,1,1222.75,1222.8,sales
1914,Bob,bob1372@gmail.com,31294,2022-09-22,Keyboard,Furniture,3,1239.61,3718.8,sales
1914,Hannah,hannah1373@gmail.com,31294,2023-09-30,Phone,Tech,7,886.5,6205.5,sales
5004,Alice,alice1376@gmail.com,23453,2023-04-27,Laptop,Furniture,0,679.26,0,"No Sales"
1154,Fiona,fiona1378@gmail.com,35599,2021-02-19,Phone,Tech,-1,431.65,-431.6,Returns
1154,Bob,bob1379@gmail.com,35599,2024-03-04,Printer,Furniture,1,1403.26,1403.3,sales
5166,Alice,alice1380@gmail.com,23361,2024-07-13,Phone,Tech,2,38.59,77.2,sales
2603,Alice,alice1383@gmail.com,43175,2023-01-15,Keyboard,Tech,-1,1217.94,-1217.9,Returns
5598,Fiona,fiona1384@gmail.com,46889,2022-12-14,Headphones,Furniture,5,1085.5,5427.5,sales
2854,Alice,alice1385@gmail.com,40161,2021-02-24,Tablet,Tech,-3,1389.46,-4168.4,Returns
